This is pdfTeX, Version 3.141592653-2.6-1.40.27 (TeX Live 2025) (preloaded format=pdflatex 2025.3.8)  6 AUG 2026 11:07
entering extended mode
 restricted \write18 enabled.
 file:line:error style messages enabled.
 %&-line parsing enabled.
**/Users/ifenty/Library/CloudStorage/Box-Box/ifenty/Projects/ECCO/1D_Mixing_Experiments/1D_Mixing_Model/GGL90_ML/GGL90_package_description.tex
(/Users/ifenty/Library/CloudStorage/Box-Box/ifenty/Projects/ECCO/1D_Mixing_Experiments/1D_Mixing_Model/GGL90_ML/GGL90_package_description.tex
LaTeX2e <2024-11-01> patch level 2
L3 programming layer <2025-01-18>
(/usr/local/texlive/2025/texmf-dist/tex/latex/base/article.cls
Document Class: article 2024/06/29 v1.4n Standard LaTeX document class
(/usr/local/texlive/2025/texmf-dist/tex/latex/base/size12.clo
File: size12.clo 2024/06/29 v1.4n Standard LaTeX file (size option)
)
\c@part=\count196
\c@section=\count197
\c@subsection=\count198
\c@subsubsection=\count199
\c@paragraph=\count266
\c@subparagraph=\count267
\c@figure=\count268
\c@table=\count269
\abovecaptionskip=\skip49
\belowcaptionskip=\skip50
\bibindent=\dimen141
) (/usr/local/texlive/2025/texmf-dist/tex/latex/geometry/geometry.sty
Package: geometry 2020/01/02 v5.9 Page Geometry
 (/usr/local/texlive/2025/texmf-dist/tex/latex/graphics/keyval.sty
Package: keyval 2022/05/29 v1.15 key=value parser (DPC)
\KV@toks@=\toks17
) (/usr/local/texlive/2025/texmf-dist/tex/generic/iftex/ifvtex.sty
Package: ifvtex 2019/10/25 v1.7 ifvtex legacy package. Use iftex instead.
 (/usr/local/texlive/2025/texmf-dist/tex/generic/iftex/iftex.sty
Package: iftex 2024/12/12 v1.0g TeX engine tests
))
\Gm@cnth=\count270
\Gm@cntv=\count271
\c@Gm@tempcnt=\count272
\Gm@bindingoffset=\dimen142
\Gm@wd@mp=\dimen143
\Gm@odd@mp=\dimen144
\Gm@even@mp=\dimen145
\Gm@layoutwidth=\dimen146
\Gm@layoutheight=\dimen147
\Gm@layouthoffset=\dimen148
\Gm@layoutvoffset=\dimen149
\Gm@dimlist=\toks18
) (/usr/local/texlive/2025/texmf-dist/tex/latex/amsmath/amsmath.sty
Package: amsmath 2024/11/05 v2.17t AMS math features
\@mathmargin=\skip51

For additional information on amsmath, use the `?' option.
(/usr/local/texlive/2025/texmf-dist/tex/latex/amsmath/amstext.sty
Package: amstext 2021/08/26 v2.01 AMS text
 (/usr/local/texlive/2025/texmf-dist/tex/latex/amsmath/amsgen.sty
File: amsgen.sty 1999/11/30 v2.0 generic functions
\@emptytoks=\toks19
\ex@=\dimen150
)) (/usr/local/texlive/2025/texmf-dist/tex/latex/amsmath/amsbsy.sty
Package: amsbsy 1999/11/29 v1.2d Bold Symbols
\pmbraise@=\dimen151
) (/usr/local/texlive/2025/texmf-dist/tex/latex/amsmath/amsopn.sty
Package: amsopn 2022/04/08 v2.04 operator names
)
\inf@bad=\count273
LaTeX Info: Redefining \frac on input line 233.
\uproot@=\count274
\leftroot@=\count275
LaTeX Info: Redefining \overline on input line 398.
LaTeX Info: Redefining \colon on input line 409.
\classnum@=\count276
\DOTSCASE@=\count277
LaTeX Info: Redefining \ldots on input line 495.
LaTeX Info: Redefining \dots on input line 498.
LaTeX Info: Redefining \cdots on input line 619.
\Mathstrutbox@=\box52
\strutbox@=\box53
LaTeX Info: Redefining \big on input line 721.
LaTeX Info: Redefining \Big on input line 722.
LaTeX Info: Redefining \bigg on input line 723.
LaTeX Info: Redefining \Bigg on input line 724.
\big@size=\dimen152
LaTeX Font Info:    Redeclaring font encoding OML on input line 742.
LaTeX Font Info:    Redeclaring font encoding OMS on input line 743.
\macc@depth=\count278
LaTeX Info: Redefining \bmod on input line 904.
LaTeX Info: Redefining \pmod on input line 909.
LaTeX Info: Redefining \smash on input line 939.
LaTeX Info: Redefining \relbar on input line 969.
LaTeX Info: Redefining \Relbar on input line 970.
\c@MaxMatrixCols=\count279
\dotsspace@=\muskip17
\c@parentequation=\count280
\dspbrk@lvl=\count281
\tag@help=\toks20
\row@=\count282
\column@=\count283
\maxfields@=\count284
\andhelp@=\toks21
\eqnshift@=\dimen153
\alignsep@=\dimen154
\tagshift@=\dimen155
\tagwidth@=\dimen156
\totwidth@=\dimen157
\lineht@=\dimen158
\@envbody=\toks22
\multlinegap=\skip52
\multlinetaggap=\skip53
\mathdisplay@stack=\toks23
LaTeX Info: Redefining \[ on input line 2953.
LaTeX Info: Redefining \] on input line 2954.
) (/usr/local/texlive/2025/texmf-dist/tex/latex/amsfonts/amssymb.sty
Package: amssymb 2013/01/14 v3.01 AMS font symbols
 (/usr/local/texlive/2025/texmf-dist/tex/latex/amsfonts/amsfonts.sty
Package: amsfonts 2013/01/14 v3.01 Basic AMSFonts support
\symAMSa=\mathgroup4
\symAMSb=\mathgroup5
LaTeX Font Info:    Redeclaring math symbol \hbar on input line 98.
LaTeX Font Info:    Overwriting math alphabet `\mathfrak' in version `bold'
(Font)                  U/euf/m/n --> U/euf/b/n on input line 106.
)) (/usr/local/texlive/2025/texmf-dist/tex/latex/listings/listings.sty
\lst@mode=\count285
\lst@gtempboxa=\box54
\lst@token=\toks24
\lst@length=\count286
\lst@currlwidth=\dimen159
\lst@column=\count287
\lst@pos=\count288
\lst@lostspace=\dimen160
\lst@width=\dimen161
\lst@newlines=\count289
\lst@lineno=\count290
\lst@maxwidth=\dimen162
 (/usr/local/texlive/2025/texmf-dist/tex/latex/listings/lstpatch.sty
File: lstpatch.sty 2024/09/23 1.10c (Carsten Heinz)
) (/usr/local/texlive/2025/texmf-dist/tex/latex/listings/lstmisc.sty
File: lstmisc.sty 2024/09/23 1.10c (Carsten Heinz)
\c@lstnumber=\count291
\lst@skipnumbers=\count292
\lst@framebox=\box55
) (/usr/local/texlive/2025/texmf-dist/tex/latex/listings/listings.cfg
File: listings.cfg 2024/09/23 1.10c listings configuration
))
Package: listings 2024/09/23 1.10c (Carsten Heinz)
 (/usr/local/texlive/2025/texmf-dist/tex/latex/xcolor/xcolor.sty
Package: xcolor 2024/09/29 v3.02 LaTeX color extensions (UK)
 (/usr/local/texlive/2025/texmf-dist/tex/latex/graphics-cfg/color.cfg
File: color.cfg 2016/01/02 v1.6 sample color configuration
)
Package xcolor Info: Driver file: pdftex.def on input line 274.
 (/usr/local/texlive/2025/texmf-dist/tex/latex/graphics-def/pdftex.def
File: pdftex.def 2024/04/13 v1.2c Graphics/color driver for pdftex
) (/usr/local/texlive/2025/texmf-dist/tex/latex/graphics/mathcolor.ltx)
Package xcolor Info: Model `cmy' substituted by `cmy0' on input line 1349.
Package xcolor Info: Model `hsb' substituted by `rgb' on input line 1353.
Package xcolor Info: Model `RGB' extended on input line 1365.
Package xcolor Info: Model `HTML' substituted by `rgb' on input line 1367.
Package xcolor Info: Model `Hsb' substituted by `hsb' on input line 1368.
Package xcolor Info: Model `tHsb' substituted by `hsb' on input line 1369.
Package xcolor Info: Model `HSB' substituted by `hsb' on input line 1370.
Package xcolor Info: Model `Gray' substituted by `gray' on input line 1371.
Package xcolor Info: Model `wave' substituted by `hsb' on input line 1372.
) (/usr/local/texlive/2025/texmf-dist/tex/latex/hyperref/hyperref.sty
Package: hyperref 2024-11-05 v7.01l Hypertext links for LaTeX
 (/usr/local/texlive/2025/texmf-dist/tex/latex/kvsetkeys/kvsetkeys.sty
Package: kvsetkeys 2022-10-05 v1.19 Key value parser (HO)
) (/usr/local/texlive/2025/texmf-dist/tex/generic/kvdefinekeys/kvdefinekeys.sty
Package: kvdefinekeys 2019-12-19 v1.6 Define keys (HO)
) (/usr/local/texlive/2025/texmf-dist/tex/generic/pdfescape/pdfescape.sty
Package: pdfescape 2019/12/09 v1.15 Implements pdfTeX's escape features (HO)
 (/usr/local/texlive/2025/texmf-dist/tex/generic/ltxcmds/ltxcmds.sty
Package: ltxcmds 2023-12-04 v1.26 LaTeX kernel commands for general use (HO)
) (/usr/local/texlive/2025/texmf-dist/tex/generic/pdftexcmds/pdftexcmds.sty
Package: pdftexcmds 2020-06-27 v0.33 Utility functions of pdfTeX for LuaTeX (HO)
 (/usr/local/texlive/2025/texmf-dist/tex/generic/infwarerr/infwarerr.sty
Package: infwarerr 2019/12/03 v1.5 Providing info/warning/error messages (HO)
)
Package pdftexcmds Info: \pdf@primitive is available.
Package pdftexcmds Info: \pdf@ifprimitive is available.
Package pdftexcmds Info: \pdfdraftmode found.
)) (/usr/local/texlive/2025/texmf-dist/tex/latex/hycolor/hycolor.sty
Package: hycolor 2020-01-27 v1.10 Color options for hyperref/bookmark (HO)
) (/usr/local/texlive/2025/texmf-dist/tex/latex/hyperref/nameref.sty
Package: nameref 2023-11-26 v2.56 Cross-referencing by name of section
 (/usr/local/texlive/2025/texmf-dist/tex/latex/refcount/refcount.sty
Package: refcount 2019/12/15 v3.6 Data extraction from label references (HO)
) (/usr/local/texlive/2025/texmf-dist/tex/generic/gettitlestring/gettitlestring.sty
Package: gettitlestring 2019/12/15 v1.6 Cleanup title references (HO)
 (/usr/local/texlive/2025/texmf-dist/tex/latex/kvoptions/kvoptions.sty
Package: kvoptions 2022-06-15 v3.15 Key value format for package options (HO)
))
\c@section@level=\count293
) (/usr/local/texlive/2025/texmf-dist/tex/latex/etoolbox/etoolbox.sty
Package: etoolbox 2025/02/11 v2.5l e-TeX tools for LaTeX (JAW)
\etb@tempcnta=\count294
) (/usr/local/texlive/2025/texmf-dist/tex/generic/stringenc/stringenc.sty
Package: stringenc 2019/11/29 v1.12 Convert strings between diff. encodings (HO)
)
\@linkdim=\dimen163
\Hy@linkcounter=\count295
\Hy@pagecounter=\count296
 (/usr/local/texlive/2025/texmf-dist/tex/latex/hyperref/pd1enc.def
File: pd1enc.def 2024-11-05 v7.01l Hyperref: PDFDocEncoding definition (HO)
Now handling font encoding PD1 ...
... no UTF-8 mapping file for font encoding PD1
) (/usr/local/texlive/2025/texmf-dist/tex/generic/intcalc/intcalc.sty
Package: intcalc 2019/12/15 v1.3 Expandable calculations with integers (HO)
)
\Hy@SavedSpaceFactor=\count297
 (/usr/local/texlive/2025/texmf-dist/tex/latex/hyperref/puenc.def
File: puenc.def 2024-11-05 v7.01l Hyperref: PDF Unicode definition (HO)
Now handling font encoding PU ...
... no UTF-8 mapping file for font encoding PU
)
Package hyperref Info: Hyper figures OFF on input line 4157.
Package hyperref Info: Link nesting OFF on input line 4162.
Package hyperref Info: Hyper index ON on input line 4165.
Package hyperref Info: Plain pages OFF on input line 4172.
Package hyperref Info: Backreferencing OFF on input line 4177.
Package hyperref Info: Implicit mode ON; LaTeX internals redefined.
Package hyperref Info: Bookmarks ON on input line 4424.
\c@Hy@tempcnt=\count298
 (/usr/local/texlive/2025/texmf-dist/tex/latex/url/url.sty
\Urlmuskip=\muskip18
Package: url 2013/09/16  ver 3.4  Verb mode for urls, etc.
)
LaTeX Info: Redefining \url on input line 4763.
\XeTeXLinkMargin=\dimen164
 (/usr/local/texlive/2025/texmf-dist/tex/generic/bitset/bitset.sty
Package: bitset 2019/12/09 v1.3 Handle bit-vector datatype (HO)
 (/usr/local/texlive/2025/texmf-dist/tex/generic/bigintcalc/bigintcalc.sty
Package: bigintcalc 2019/12/15 v1.5 Expandable calculations on big integers (HO)
))
\Fld@menulength=\count299
\Field@Width=\dimen165
\Fld@charsize=\dimen166
Package hyperref Info: Hyper figures OFF on input line 6042.
Package hyperref Info: Link nesting OFF on input line 6047.
Package hyperref Info: Hyper index ON on input line 6050.
Package hyperref Info: backreferencing OFF on input line 6057.
Package hyperref Info: Link coloring OFF on input line 6062.
Package hyperref Info: Link coloring with OCG OFF on input line 6067.
Package hyperref Info: PDF/A mode OFF on input line 6072.
 (/usr/local/texlive/2025/texmf-dist/tex/latex/base/atbegshi-ltx.sty
Package: atbegshi-ltx 2021/01/10 v1.0c Emulation of the original atbegshi
package with kernel methods
)
\Hy@abspage=\count300
\c@Item=\count301
\c@Hfootnote=\count302
)
Package hyperref Info: Driver (autodetected): hpdftex.
 (/usr/local/texlive/2025/texmf-dist/tex/latex/hyperref/hpdftex.def
File: hpdftex.def 2024-11-05 v7.01l Hyperref driver for pdfTeX
 (/usr/local/texlive/2025/texmf-dist/tex/latex/base/atveryend-ltx.sty
Package: atveryend-ltx 2020/08/19 v1.0a Emulation of the original atveryend package
with kernel methods
)
\Fld@listcount=\count303
\c@bookmark@seq@number=\count304
 (/usr/local/texlive/2025/texmf-dist/tex/latex/rerunfilecheck/rerunfilecheck.sty
Package: rerunfilecheck 2022-07-10 v1.10 Rerun checks for auxiliary files (HO)
 (/usr/local/texlive/2025/texmf-dist/tex/generic/uniquecounter/uniquecounter.sty
Package: uniquecounter 2019/12/15 v1.4 Provide unlimited unique counter (HO)
)
Package uniquecounter Info: New unique counter `rerunfilecheck' on input line 285.
)
\Hy@SectionHShift=\skip54
) (/usr/local/texlive/2025/texmf-dist/tex/latex/booktabs/booktabs.sty
Package: booktabs 2020/01/12 v1.61803398 Publication quality tables
\heavyrulewidth=\dimen167
\lightrulewidth=\dimen168
\cmidrulewidth=\dimen169
\belowrulesep=\dimen170
\belowbottomsep=\dimen171
\aboverulesep=\dimen172
\abovetopsep=\dimen173
\cmidrulesep=\dimen174
\cmidrulekern=\dimen175
\defaultaddspace=\dimen176
\@cmidla=\count305
\@cmidlb=\count306
\@aboverulesep=\dimen177
\@belowrulesep=\dimen178
\@thisruleclass=\count307
\@lastruleclass=\count308
\@thisrulewidth=\dimen179
) (/usr/local/texlive/2025/texmf-dist/tex/latex/tools/longtable.sty
Package: longtable 2024-10-27 v4.22 Multi-page Table package (DPC)
\LTleft=\skip55
\LTright=\skip56
\LTpre=\skip57
\LTpost=\skip58
\LTchunksize=\count309
\LTcapwidth=\dimen180
\LT@head=\box56
\LT@firsthead=\box57
\LT@foot=\box58
\LT@lastfoot=\box59
\LT@gbox=\box60
\LT@cols=\count310
\LT@rows=\count311
\c@LT@tables=\count312
\c@LT@chunks=\count313
\LT@p@ftn=\toks25
) (/usr/local/texlive/2025/texmf-dist/tex/latex/tools/array.sty
Package: array 2024/10/17 v2.6g Tabular extension package (FMi)
\col@sep=\dimen181
\ar@mcellbox=\box61
\extrarowheight=\dimen182
\NC@list=\toks26
\extratabsurround=\skip59
\backup@length=\skip60
\ar@cellbox=\box62
) (/usr/local/texlive/2025/texmf-dist/tex/latex/graphics/graphicx.sty
Package: graphicx 2021/09/16 v1.2d Enhanced LaTeX Graphics (DPC,SPQR)
 (/usr/local/texlive/2025/texmf-dist/tex/latex/graphics/graphics.sty
Package: graphics 2024/08/06 v1.4g Standard LaTeX Graphics (DPC,SPQR)
 (/usr/local/texlive/2025/texmf-dist/tex/latex/graphics/trig.sty
Package: trig 2023/12/02 v1.11 sin cos tan (DPC)
) (/usr/local/texlive/2025/texmf-dist/tex/latex/graphics-cfg/graphics.cfg
File: graphics.cfg 2016/06/04 v1.11 sample graphics configuration
)
Package graphics Info: Driver file: pdftex.def on input line 106.
)
\Gin@req@height=\dimen183
\Gin@req@width=\dimen184
) (/usr/local/texlive/2025/texmf-dist/tex/latex/float/float.sty
Package: float 2001/11/08 v1.3d Float enhancements (AL)
\c@float@type=\count314
\float@exts=\toks27
\float@box=\box63
\@float@everytoks=\toks28
\@floatcapt=\box64
) (/usr/local/texlive/2025/texmf-dist/tex/latex/fancyhdr/fancyhdr.sty
Package: fancyhdr 2025/02/07 v5.2 Extensive control of page headers and footers
\f@nch@headwidth=\skip61
\f@nch@offset@elh=\skip62
\f@nch@offset@erh=\skip63
\f@nch@offset@olh=\skip64
\f@nch@offset@orh=\skip65
\f@nch@offset@elf=\skip66
\f@nch@offset@erf=\skip67
\f@nch@offset@olf=\skip68
\f@nch@offset@orf=\skip69
\f@nch@height=\skip70
\f@nch@footalignment=\skip71
\f@nch@widthL=\skip72
\f@nch@widthC=\skip73
\f@nch@widthR=\skip74
\@temptokenb=\toks29
) (/usr/local/texlive/2025/texmf-dist/tex/latex/titlesec/titlesec.sty
Package: titlesec 2025/01/04 v2.17 Sectioning titles
\ttl@box=\box65
\beforetitleunit=\skip75
\aftertitleunit=\skip76
\ttl@plus=\dimen185
\ttl@minus=\dimen186
\ttl@toksa=\toks30
\titlewidth=\dimen187
\titlewidthlast=\dimen188
\titlewidthfirst=\dimen189
) (/usr/local/texlive/2025/texmf-dist/tex/latex/enumitem/enumitem.sty
Package: enumitem 2025/02/06 v3.11 Customized lists
\labelindent=\skip77
\enit@outerparindent=\dimen190
\enit@toks=\toks31
\enit@inbox=\box66
\enit@count@id=\count315
\enitdp@description=\count316
) (/usr/local/texlive/2025/texmf-dist/tex/latex/mdframed/mdframed.sty
Package: mdframed 2013/07/01 1.9b: mdframed
 (/usr/local/texlive/2025/texmf-dist/tex/latex/l3packages/xparse/xparse.sty (/usr/local/texlive/2025/texmf-dist/tex/latex/l3kernel/expl3.sty
Package: expl3 2025-01-18 L3 programming layer (loader) 
 (/usr/local/texlive/2025/texmf-dist/tex/latex/l3backend/l3backend-pdftex.def
File: l3backend-pdftex.def 2024-05-08 L3 backend support: PDF output (pdfTeX)
\l__color_backend_stack_int=\count317
\l__pdf_internal_box=\box67
))
Package: xparse 2024-08-16 L3 Experimental document command parser
) (/usr/local/texlive/2025/texmf-dist/tex/latex/zref/zref-abspage.sty
Package: zref-abspage 2023-09-14 v2.35 Module abspage for zref (HO)
 (/usr/local/texlive/2025/texmf-dist/tex/latex/zref/zref-base.sty
Package: zref-base 2023-09-14 v2.35 Module base for zref (HO)
 (/usr/local/texlive/2025/texmf-dist/tex/generic/etexcmds/etexcmds.sty
Package: etexcmds 2019/12/15 v1.7 Avoid name clashes with e-TeX commands (HO)
) (/usr/local/texlive/2025/texmf-dist/tex/latex/auxhook/auxhook.sty
Package: auxhook 2019-12-17 v1.6 Hooks for auxiliary files (HO)
)
Package zref Info: New property list: main on input line 767.
Package zref Info: New property: default on input line 768.
Package zref Info: New property: page on input line 769.
)
\c@abspage=\count318
Package zref Info: New property: abspage on input line 67.
) (/usr/local/texlive/2025/texmf-dist/tex/latex/needspace/needspace.sty
Package: needspace 2010/09/12 v1.3d reserve vertical space
)
\mdf@templength=\skip78
\c@mdf@globalstyle@cnt=\count319
\mdf@skipabove@length=\skip79
\mdf@skipbelow@length=\skip80
\mdf@leftmargin@length=\skip81
\mdf@rightmargin@length=\skip82
\mdf@innerleftmargin@length=\skip83
\mdf@innerrightmargin@length=\skip84
\mdf@innertopmargin@length=\skip85
\mdf@innerbottommargin@length=\skip86
\mdf@splittopskip@length=\skip87
\mdf@splitbottomskip@length=\skip88
\mdf@outermargin@length=\skip89
\mdf@innermargin@length=\skip90
\mdf@linewidth@length=\skip91
\mdf@innerlinewidth@length=\skip92
\mdf@middlelinewidth@length=\skip93
\mdf@outerlinewidth@length=\skip94
\mdf@roundcorner@length=\skip95
\mdf@footenotedistance@length=\skip96
\mdf@userdefinedwidth@length=\skip97
\mdf@needspace@length=\skip98
\mdf@frametitleaboveskip@length=\skip99
\mdf@frametitlebelowskip@length=\skip100
\mdf@frametitlerulewidth@length=\skip101
\mdf@frametitleleftmargin@length=\skip102
\mdf@frametitlerightmargin@length=\skip103
\mdf@shadowsize@length=\skip104
\mdf@extratopheight@length=\skip105
\mdf@subtitleabovelinewidth@length=\skip106
\mdf@subtitlebelowlinewidth@length=\skip107
\mdf@subtitleaboveskip@length=\skip108
\mdf@subtitlebelowskip@length=\skip109
\mdf@subtitleinneraboveskip@length=\skip110
\mdf@subtitleinnerbelowskip@length=\skip111
\mdf@subsubtitleabovelinewidth@length=\skip112
\mdf@subsubtitlebelowlinewidth@length=\skip113
\mdf@subsubtitleaboveskip@length=\skip114
\mdf@subsubtitlebelowskip@length=\skip115
\mdf@subsubtitleinneraboveskip@length=\skip116
\mdf@subsubtitleinnerbelowskip@length=\skip117
 (/usr/local/texlive/2025/texmf-dist/tex/latex/mdframed/md-frame-0.mdf
File: md-frame-0.mdf 2013/07/01\ 1.9b: md-frame-0
)
\mdf@frametitlebox=\box68
\mdf@footnotebox=\box69
\mdf@splitbox@one=\box70
\mdf@splitbox@two=\box71
\mdf@splitbox@save=\box72
\mdfsplitboxwidth=\skip118
\mdfsplitboxtotalwidth=\skip119
\mdfsplitboxheight=\skip120
\mdfsplitboxdepth=\skip121
\mdfsplitboxtotalheight=\skip122
\mdfframetitleboxwidth=\skip123
\mdfframetitleboxtotalwidth=\skip124
\mdfframetitleboxheight=\skip125
\mdfframetitleboxdepth=\skip126
\mdfframetitleboxtotalheight=\skip127
\mdffootnoteboxwidth=\skip128
\mdffootnoteboxtotalwidth=\skip129
\mdffootnoteboxheight=\skip130
\mdffootnoteboxdepth=\skip131
\mdffootnoteboxtotalheight=\skip132
\mdftotallinewidth=\skip133
\mdfboundingboxwidth=\skip134
\mdfboundingboxtotalwidth=\skip135
\mdfboundingboxheight=\skip136
\mdfboundingboxdepth=\skip137
\mdfboundingboxtotalheight=\skip138
\mdf@freevspace@length=\skip139
\mdf@horizontalwidthofbox@length=\skip140
\mdf@verticalmarginwhole@length=\skip141
\mdf@horizontalspaceofbox=\skip142
\mdfsubtitleheight=\skip143
\mdfsubsubtitleheight=\skip144
\c@mdfcountframes=\count320

****** mdframed patching \endmdf@trivlist

****** -- success******

\mdf@envdepth=\count321
\c@mdf@env@i=\count322
\c@mdf@env@ii=\count323
\c@mdf@zref@counter=\count324
Package zref Info: New property: mdf@pagevalue on input line 895.
) (/usr/local/texlive/2025/texmf-dist/tex/latex/caption/caption.sty
Package: caption 2023/08/05 v3.6o Customizing captions (AR)
 (/usr/local/texlive/2025/texmf-dist/tex/latex/caption/caption3.sty
Package: caption3 2023/07/31 v2.4d caption3 kernel (AR)
\caption@tempdima=\dimen191
\captionmargin=\dimen192
\caption@leftmargin=\dimen193
\caption@rightmargin=\dimen194
\caption@width=\dimen195
\caption@indent=\dimen196
\caption@parindent=\dimen197
\caption@hangindent=\dimen198
Package caption Info: Standard document class detected.
)
\c@caption@flags=\count325
\c@continuedfloat=\count326
Package caption Info: float package is loaded.
Package caption Info: hyperref package is loaded.
Package caption Info: listings package is loaded.
Package caption Info: longtable package is loaded.
 (/usr/local/texlive/2025/texmf-dist/tex/latex/caption/ltcaption.sty
Package: ltcaption 2021/01/08 v1.4c longtable captions (AR)
)) (/usr/local/texlive/2025/texmf-dist/tex/latex/caption/subcaption.sty
Package: subcaption 2023/07/28 v1.6b Sub-captions (AR)
Package caption Info: New subtype `subfigure' on input line 238.
\c@subfigure=\count327
Package caption Info: New subtype `subtable' on input line 238.
\c@subtable=\count328
) (/usr/local/texlive/2025/texmf-dist/tex/latex/pgf/frontendlayer/tikz.sty (/usr/local/texlive/2025/texmf-dist/tex/latex/pgf/basiclayer/pgf.sty (/usr/local/texlive/2025/texmf-dist/tex/latex/pgf/utilities/pgfrcs.sty (/usr/local/texlive/2025/texmf-dist/tex/generic/pgf/utilities/pgfutil-common.tex
\pgfutil@everybye=\toks32
\pgfutil@tempdima=\dimen199
\pgfutil@tempdimb=\dimen256
) (/usr/local/texlive/2025/texmf-dist/tex/generic/pgf/utilities/pgfutil-latex.def
\pgfutil@abb=\box73
) (/usr/local/texlive/2025/texmf-dist/tex/generic/pgf/utilities/pgfrcs.code.tex (/usr/local/texlive/2025/texmf-dist/tex/generic/pgf/pgf.revision.tex)
Package: pgfrcs 2023-01-15 v3.1.10 (3.1.10)
))
Package: pgf 2023-01-15 v3.1.10 (3.1.10)
 (/usr/local/texlive/2025/texmf-dist/tex/latex/pgf/basiclayer/pgfcore.sty (/usr/local/texlive/2025/texmf-dist/tex/latex/pgf/systemlayer/pgfsys.sty (/usr/local/texlive/2025/texmf-dist/tex/generic/pgf/systemlayer/pgfsys.code.tex
Package: pgfsys 2023-01-15 v3.1.10 (3.1.10)
 (/usr/local/texlive/2025/texmf-dist/tex/generic/pgf/utilities/pgfkeys.code.tex
\pgfkeys@pathtoks=\toks33
\pgfkeys@temptoks=\toks34
 (/usr/local/texlive/2025/texmf-dist/tex/generic/pgf/utilities/pgfkeyslibraryfiltered.code.tex
\pgfkeys@tmptoks=\toks35
))
\pgf@x=\dimen257
\pgf@y=\dimen258
\pgf@xa=\dimen259
\pgf@ya=\dimen260
\pgf@xb=\dimen261
\pgf@yb=\dimen262
\pgf@xc=\dimen263
\pgf@yc=\dimen264
\pgf@xd=\dimen265
\pgf@yd=\dimen266
\w@pgf@writea=\write3
\r@pgf@reada=\read2
\c@pgf@counta=\count329
\c@pgf@countb=\count330
\c@pgf@countc=\count331
\c@pgf@countd=\count332
\t@pgf@toka=\toks36
\t@pgf@tokb=\toks37
\t@pgf@tokc=\toks38
\pgf@sys@id@count=\count333
 (/usr/local/texlive/2025/texmf-dist/tex/generic/pgf/systemlayer/pgf.cfg
File: pgf.cfg 2023-01-15 v3.1.10 (3.1.10)
)
Driver file for pgf: pgfsys-pdftex.def
 (/usr/local/texlive/2025/texmf-dist/tex/generic/pgf/systemlayer/pgfsys-pdftex.def
File: pgfsys-pdftex.def 2023-01-15 v3.1.10 (3.1.10)
 (/usr/local/texlive/2025/texmf-dist/tex/generic/pgf/systemlayer/pgfsys-common-pdf.def
File: pgfsys-common-pdf.def 2023-01-15 v3.1.10 (3.1.10)
))) (/usr/local/texlive/2025/texmf-dist/tex/generic/pgf/systemlayer/pgfsyssoftpath.code.tex
File: pgfsyssoftpath.code.tex 2023-01-15 v3.1.10 (3.1.10)
\pgfsyssoftpath@smallbuffer@items=\count334
\pgfsyssoftpath@bigbuffer@items=\count335
) (/usr/local/texlive/2025/texmf-dist/tex/generic/pgf/systemlayer/pgfsysprotocol.code.tex
File: pgfsysprotocol.code.tex 2023-01-15 v3.1.10 (3.1.10)
)) (/usr/local/texlive/2025/texmf-dist/tex/generic/pgf/basiclayer/pgfcore.code.tex
Package: pgfcore 2023-01-15 v3.1.10 (3.1.10)
 (/usr/local/texlive/2025/texmf-dist/tex/generic/pgf/math/pgfmath.code.tex (/usr/local/texlive/2025/texmf-dist/tex/generic/pgf/math/pgfmathutil.code.tex) (/usr/local/texlive/2025/texmf-dist/tex/generic/pgf/math/pgfmathparser.code.tex
\pgfmath@dimen=\dimen267
\pgfmath@count=\count336
\pgfmath@box=\box74
\pgfmath@toks=\toks39
\pgfmath@stack@operand=\toks40
\pgfmath@stack@operation=\toks41
) (/usr/local/texlive/2025/texmf-dist/tex/generic/pgf/math/pgfmathfunctions.code.tex) (/usr/local/texlive/2025/texmf-dist/tex/generic/pgf/math/pgfmathfunctions.basic.code.tex) (/usr/local/texlive/2025/texmf-dist/tex/generic/pgf/math/pgfmathfunctions.trigonometric.code.tex) (/usr/local/texlive/2025/texmf-dist/tex/generic/pgf/math/pgfmathfunctions.random.code.tex) (/usr/local/texlive/2025/texmf-dist/tex/generic/pgf/math/pgfmathfunctions.comparison.code.tex) (/usr/local/texlive/2025/texmf-dist/tex/generic/pgf/math/pgfmathfunctions.base.code.tex) (/usr/local/texlive/2025/texmf-dist/tex/generic/pgf/math/pgfmathfunctions.round.code.tex) (/usr/local/texlive/2025/texmf-dist/tex/generic/pgf/math/pgfmathfunctions.misc.code.tex) (/usr/local/texlive/2025/texmf-dist/tex/generic/pgf/math/pgfmathfunctions.integerarithmetics.code.tex) (/usr/local/texlive/2025/texmf-dist/tex/generic/pgf/math/pgfmathcalc.code.tex) (/usr/local/texlive/2025/texmf-dist/tex/generic/pgf/math/pgfmathfloat.code.tex
\c@pgfmathroundto@lastzeros=\count337
)) (/usr/local/texlive/2025/texmf-dist/tex/generic/pgf/math/pgfint.code.tex) (/usr/local/texlive/2025/texmf-dist/tex/generic/pgf/basiclayer/pgfcorepoints.code.tex
File: pgfcorepoints.code.tex 2023-01-15 v3.1.10 (3.1.10)
\pgf@picminx=\dimen268
\pgf@picmaxx=\dimen269
\pgf@picminy=\dimen270
\pgf@picmaxy=\dimen271
\pgf@pathminx=\dimen272
\pgf@pathmaxx=\dimen273
\pgf@pathminy=\dimen274
\pgf@pathmaxy=\dimen275
\pgf@xx=\dimen276
\pgf@xy=\dimen277
\pgf@yx=\dimen278
\pgf@yy=\dimen279
\pgf@zx=\dimen280
\pgf@zy=\dimen281
) (/usr/local/texlive/2025/texmf-dist/tex/generic/pgf/basiclayer/pgfcorepathconstruct.code.tex
File: pgfcorepathconstruct.code.tex 2023-01-15 v3.1.10 (3.1.10)
\pgf@path@lastx=\dimen282
\pgf@path@lasty=\dimen283
) (/usr/local/texlive/2025/texmf-dist/tex/generic/pgf/basiclayer/pgfcorepathusage.code.tex
File: pgfcorepathusage.code.tex 2023-01-15 v3.1.10 (3.1.10)
\pgf@shorten@end@additional=\dimen284
\pgf@shorten@start@additional=\dimen285
) (/usr/local/texlive/2025/texmf-dist/tex/generic/pgf/basiclayer/pgfcorescopes.code.tex
File: pgfcorescopes.code.tex 2023-01-15 v3.1.10 (3.1.10)
\pgfpic=\box75
\pgf@hbox=\box76
\pgf@layerbox@main=\box77
\pgf@picture@serial@count=\count338
) (/usr/local/texlive/2025/texmf-dist/tex/generic/pgf/basiclayer/pgfcoregraphicstate.code.tex
File: pgfcoregraphicstate.code.tex 2023-01-15 v3.1.10 (3.1.10)
\pgflinewidth=\dimen286
) (/usr/local/texlive/2025/texmf-dist/tex/generic/pgf/basiclayer/pgfcoretransformations.code.tex
File: pgfcoretransformations.code.tex 2023-01-15 v3.1.10 (3.1.10)
\pgf@pt@x=\dimen287
\pgf@pt@y=\dimen288
\pgf@pt@temp=\dimen289
) (/usr/local/texlive/2025/texmf-dist/tex/generic/pgf/basiclayer/pgfcorequick.code.tex
File: pgfcorequick.code.tex 2023-01-15 v3.1.10 (3.1.10)
) (/usr/local/texlive/2025/texmf-dist/tex/generic/pgf/basiclayer/pgfcoreobjects.code.tex
File: pgfcoreobjects.code.tex 2023-01-15 v3.1.10 (3.1.10)
) (/usr/local/texlive/2025/texmf-dist/tex/generic/pgf/basiclayer/pgfcorepathprocessing.code.tex
File: pgfcorepathprocessing.code.tex 2023-01-15 v3.1.10 (3.1.10)
) (/usr/local/texlive/2025/texmf-dist/tex/generic/pgf/basiclayer/pgfcorearrows.code.tex
File: pgfcorearrows.code.tex 2023-01-15 v3.1.10 (3.1.10)
\pgfarrowsep=\dimen290
) (/usr/local/texlive/2025/texmf-dist/tex/generic/pgf/basiclayer/pgfcoreshade.code.tex
File: pgfcoreshade.code.tex 2023-01-15 v3.1.10 (3.1.10)
\pgf@max=\dimen291
\pgf@sys@shading@range@num=\count339
\pgf@shadingcount=\count340
) (/usr/local/texlive/2025/texmf-dist/tex/generic/pgf/basiclayer/pgfcoreimage.code.tex
File: pgfcoreimage.code.tex 2023-01-15 v3.1.10 (3.1.10)
) (/usr/local/texlive/2025/texmf-dist/tex/generic/pgf/basiclayer/pgfcoreexternal.code.tex
File: pgfcoreexternal.code.tex 2023-01-15 v3.1.10 (3.1.10)
\pgfexternal@startupbox=\box78
) (/usr/local/texlive/2025/texmf-dist/tex/generic/pgf/basiclayer/pgfcorelayers.code.tex
File: pgfcorelayers.code.tex 2023-01-15 v3.1.10 (3.1.10)
) (/usr/local/texlive/2025/texmf-dist/tex/generic/pgf/basiclayer/pgfcoretransparency.code.tex
File: pgfcoretransparency.code.tex 2023-01-15 v3.1.10 (3.1.10)
) (/usr/local/texlive/2025/texmf-dist/tex/generic/pgf/basiclayer/pgfcorepatterns.code.tex
File: pgfcorepatterns.code.tex 2023-01-15 v3.1.10 (3.1.10)
) (/usr/local/texlive/2025/texmf-dist/tex/generic/pgf/basiclayer/pgfcorerdf.code.tex
File: pgfcorerdf.code.tex 2023-01-15 v3.1.10 (3.1.10)
))) (/usr/local/texlive/2025/texmf-dist/tex/generic/pgf/modules/pgfmoduleshapes.code.tex
File: pgfmoduleshapes.code.tex 2023-01-15 v3.1.10 (3.1.10)
\pgfnodeparttextbox=\box79
) (/usr/local/texlive/2025/texmf-dist/tex/generic/pgf/modules/pgfmoduleplot.code.tex
File: pgfmoduleplot.code.tex 2023-01-15 v3.1.10 (3.1.10)
) (/usr/local/texlive/2025/texmf-dist/tex/latex/pgf/compatibility/pgfcomp-version-0-65.sty
Package: pgfcomp-version-0-65 2023-01-15 v3.1.10 (3.1.10)
\pgf@nodesepstart=\dimen292
\pgf@nodesepend=\dimen293
) (/usr/local/texlive/2025/texmf-dist/tex/latex/pgf/compatibility/pgfcomp-version-1-18.sty
Package: pgfcomp-version-1-18 2023-01-15 v3.1.10 (3.1.10)
)) (/usr/local/texlive/2025/texmf-dist/tex/latex/pgf/utilities/pgffor.sty (/usr/local/texlive/2025/texmf-dist/tex/latex/pgf/utilities/pgfkeys.sty (/usr/local/texlive/2025/texmf-dist/tex/generic/pgf/utilities/pgfkeys.code.tex)) (/usr/local/texlive/2025/texmf-dist/tex/latex/pgf/math/pgfmath.sty (/usr/local/texlive/2025/texmf-dist/tex/generic/pgf/math/pgfmath.code.tex)) (/usr/local/texlive/2025/texmf-dist/tex/generic/pgf/utilities/pgffor.code.tex
Package: pgffor 2023-01-15 v3.1.10 (3.1.10)
\pgffor@iter=\dimen294
\pgffor@skip=\dimen295
\pgffor@stack=\toks42
\pgffor@toks=\toks43
)) (/usr/local/texlive/2025/texmf-dist/tex/generic/pgf/frontendlayer/tikz/tikz.code.tex
Package: tikz 2023-01-15 v3.1.10 (3.1.10)
 (/usr/local/texlive/2025/texmf-dist/tex/generic/pgf/libraries/pgflibraryplothandlers.code.tex
File: pgflibraryplothandlers.code.tex 2023-01-15 v3.1.10 (3.1.10)
\pgf@plot@mark@count=\count341
\pgfplotmarksize=\dimen296
)
\tikz@lastx=\dimen297
\tikz@lasty=\dimen298
\tikz@lastxsaved=\dimen299
\tikz@lastysaved=\dimen300
\tikz@lastmovetox=\dimen301
\tikz@lastmovetoy=\dimen302
\tikzleveldistance=\dimen303
\tikzsiblingdistance=\dimen304
\tikz@figbox=\box80
\tikz@figbox@bg=\box81
\tikz@tempbox=\box82
\tikz@tempbox@bg=\box83
\tikztreelevel=\count342
\tikznumberofchildren=\count343
\tikznumberofcurrentchild=\count344
\tikz@fig@count=\count345
 (/usr/local/texlive/2025/texmf-dist/tex/generic/pgf/modules/pgfmodulematrix.code.tex
File: pgfmodulematrix.code.tex 2023-01-15 v3.1.10 (3.1.10)
\pgfmatrixcurrentrow=\count346
\pgfmatrixcurrentcolumn=\count347
\pgf@matrix@numberofcolumns=\count348
)
\tikz@expandcount=\count349
 (/usr/local/texlive/2025/texmf-dist/tex/generic/pgf/frontendlayer/tikz/libraries/tikzlibrarytopaths.code.tex
File: tikzlibrarytopaths.code.tex 2023-01-15 v3.1.10 (3.1.10)
))) (/usr/local/texlive/2025/texmf-dist/tex/generic/pgf/libraries/pgflibraryarrows.meta.code.tex
File: pgflibraryarrows.meta.code.tex 2023-01-15 v3.1.10 (3.1.10)
\pgfarrowinset=\dimen305
\pgfarrowlength=\dimen306
\pgfarrowwidth=\dimen307
\pgfarrowlinewidth=\dimen308
)
(/usr/local/texlive/2025/texmf-dist/tex/generic/pgf/frontendlayer/tikz/libraries/tikzlibrarypositioning.code.tex
File: tikzlibrarypositioning.code.tex 2023-01-15 v3.1.10 (3.1.10)
) (/usr/local/texlive/2025/texmf-dist/tex/generic/pgf/frontendlayer/tikz/libraries/tikzlibraryshapes.geometric.code.tex
File: tikzlibraryshapes.geometric.code.tex 2023-01-15 v3.1.10 (3.1.10)
 (/usr/local/texlive/2025/texmf-dist/tex/generic/pgf/libraries/shapes/pgflibraryshapes.geometric.code.tex
File: pgflibraryshapes.geometric.code.tex 2023-01-15 v3.1.10 (3.1.10)
)) (/usr/local/texlive/2025/texmf-dist/tex/generic/pgf/frontendlayer/tikz/libraries/tikzlibraryfit.code.tex
File: tikzlibraryfit.code.tex 2023-01-15 v3.1.10 (3.1.10)
) (/usr/local/texlive/2025/texmf-dist/tex/generic/pgf/frontendlayer/tikz/libraries/tikzlibrarybackgrounds.code.tex
File: tikzlibrarybackgrounds.code.tex 2023-01-15 v3.1.10 (3.1.10)
\pgf@layerbox@background=\box84
\pgf@layerboxsaved@background=\box85
) (/usr/local/texlive/2025/texmf-dist/tex/latex/listings/lstlang1.sty
File: lstlang1.sty 2024/09/23 1.10c listings language file
) (/usr/local/texlive/2025/texmf-dist/tex/latex/listings/lstlang1.sty
File: lstlang1.sty 2024/09/23 1.10c listings language file
) (/usr/local/texlive/2025/texmf-dist/tex/latex/listings/lstlang1.sty
File: lstlang1.sty 2024/09/23 1.10c listings language file
)
Package hyperref Info: Option `colorlinks' set `true' on input line 165.


/Users/ifenty/Library/CloudStorage/Box-Box/ifenty/Projects/ECCO/1D_Mixing_Experiments/1D_Mixing_Model/GGL90_ML/GGL90_package_description.tex:180: LaTeX Error: Command \Pr already defined.
               Or name \end... illegal, see p.192 of the manual.

See the LaTeX manual or LaTeX Companion for explanation.
Type  H <return>  for immediate help.
 ...                                              
                                                  
l.180 \newcommand{\Pr}{\mathrm{Pr}}
                                   
Your command was ignored.
Type  I <command> <return>  to replace it with another command,
or  <return>  to continue without it.

(./GGL90_package_description.aux)
\openout1 = `GGL90_package_description.aux'.

LaTeX Font Info:    Checking defaults for OML/cmm/m/it on input line 183.
LaTeX Font Info:    ... okay on input line 183.
LaTeX Font Info:    Checking defaults for OMS/cmsy/m/n on input line 183.
LaTeX Font Info:    ... okay on input line 183.
LaTeX Font Info:    Checking defaults for OT1/cmr/m/n on input line 183.
LaTeX Font Info:    ... okay on input line 183.
LaTeX Font Info:    Checking defaults for T1/cmr/m/n on input line 183.
LaTeX Font Info:    ... okay on input line 183.
LaTeX Font Info:    Checking defaults for TS1/cmr/m/n on input line 183.
LaTeX Font Info:    ... okay on input line 183.
LaTeX Font Info:    Checking defaults for OMX/cmex/m/n on input line 183.
LaTeX Font Info:    ... okay on input line 183.
LaTeX Font Info:    Checking defaults for U/cmr/m/n on input line 183.
LaTeX Font Info:    ... okay on input line 183.
LaTeX Font Info:    Checking defaults for PD1/pdf/m/n on input line 183.
LaTeX Font Info:    ... okay on input line 183.
LaTeX Font Info:    Checking defaults for PU/pdf/m/n on input line 183.
LaTeX Font Info:    ... okay on input line 183.

*geometry* driver: auto-detecting
*geometry* detected driver: pdftex
*geometry* verbose mode - [ preamble ] result:
* driver: pdftex
* paper: letterpaper
* layout: <same size as paper>
* layoutoffset:(h,v)=(0.0pt,0.0pt)
* modes: 
* h-part:(L,W,R)=(72.26999pt, 469.75502pt, 72.26999pt)
* v-part:(T,H,B)=(72.26999pt, 650.43001pt, 72.26999pt)
* \paperwidth=614.295pt
* \paperheight=794.96999pt
* \textwidth=469.75502pt
* \textheight=650.43001pt
* \oddsidemargin=0.0pt
* \evensidemargin=0.0pt
* \topmargin=-37.0pt
* \headheight=12.0pt
* \headsep=25.0pt
* \topskip=12.0pt
* \footskip=30.0pt
* \marginparwidth=44.0pt
* \marginparsep=10.0pt
* \columnsep=10.0pt
* \skip\footins=10.8pt plus 4.0pt minus 2.0pt
* \hoffset=0.0pt
* \voffset=0.0pt
* \mag=1000
* \@twocolumnfalse
* \@twosidefalse
* \@mparswitchfalse
* \@reversemarginfalse
* (1in=72.27pt=25.4mm, 1cm=28.453pt)

\c@lstlisting=\count350
(/usr/local/texlive/2025/texmf-dist/tex/context/base/mkii/supp-pdf.mkii
[Loading MPS to PDF converter (version 2006.09.02).]
\scratchcounter=\count351
\scratchdimen=\dimen309
\scratchbox=\box86
\nofMPsegments=\count352
\nofMParguments=\count353
\everyMPshowfont=\toks44
\MPscratchCnt=\count354
\MPscratchDim=\dimen310
\MPnumerator=\count355
\makeMPintoPDFobject=\count356
\everyMPtoPDFconversion=\toks45
) (/usr/local/texlive/2025/texmf-dist/tex/latex/epstopdf-pkg/epstopdf-base.sty
Package: epstopdf-base 2020-01-24 v2.11 Base part for package epstopdf
Package epstopdf-base Info: Redefining graphics rule for `.eps' on input line 485.
 (/usr/local/texlive/2025/texmf-dist/tex/latex/latexconfig/epstopdf-sys.cfg
File: epstopdf-sys.cfg 2010/07/13 v1.3 Configuration of (r)epstopdf for TeX Live
))
Package hyperref Info: Link coloring ON on input line 183.
\@outlinefile=\write4
\openout4 = `GGL90_package_description.out'.

Package caption Info: Begin \AtBeginDocument code.
Package caption Info: End \AtBeginDocument code.
LaTeX Font Info:    Trying to load font information for U+msa on input line 216.
 (/usr/local/texlive/2025/texmf-dist/tex/latex/amsfonts/umsa.fd
File: umsa.fd 2013/01/14 v3.01 AMS symbols A
)
LaTeX Font Info:    Trying to load font information for U+msb on input line 216.
 (/usr/local/texlive/2025/texmf-dist/tex/latex/amsfonts/umsb.fd
File: umsb.fd 2013/01/14 v3.01 AMS symbols B
)

[1

{/usr/local/texlive/2025/texmf-var/fonts/map/pdftex/updmap/pdftex.map}]


Package fancyhdr Warning: \headheight is too small (12.0pt): 
(fancyhdr)                Make it at least 15.49998pt, for example:
(fancyhdr)                \setlength{\headheight}{15.49998pt}.
(fancyhdr)                You might also make \topmargin smaller:
(fancyhdr)                \addtolength{\topmargin}{-3.49998pt}.

[2]
No file GGL90_package_description.toc.
\tf@toc=\write5
\openout5 = `GGL90_package_description.toc'.




Package fancyhdr Warning: \headheight is too small (12.0pt): 
(fancyhdr)                Make it at least 15.49998pt, for example:
(fancyhdr)                \setlength{\headheight}{15.49998pt}.
(fancyhdr)                You might also make \topmargin smaller:
(fancyhdr)                \addtolength{\topmargin}{-3.49998pt}.


pdfTeX warning (ext4): destination with the same identifier (name{page.1}) has been already used, duplicate ignored
<to be read again> 
                   \relax 
l.246 \newpage
               [1]


Package fancyhdr Warning: \headheight is too small (12.0pt): 
(fancyhdr)                Make it at least 15.49998pt, for example:
(fancyhdr)                \setlength{\headheight}{15.49998pt}.
(fancyhdr)                You might also make \topmargin smaller:
(fancyhdr)                \addtolength{\topmargin}{-3.49998pt}.


pdfTeX warning (ext4): destination with the same identifier (name{page.2}) has been already used, duplicate ignored
<to be read again> 
                   \relax 
l.317 
       [2{/usr/local/texlive/2025/texmf-dist/fonts/enc/dvips/cm-super/cm-super-ts1.enc}]

LaTeX Warning: Reference `tab:ggl90_vs_kpp' on page 3 undefined on input line 337.


LaTeX Warning: Reference `app:adjoint_considerations' on page 3 undefined on input line 356.


LaTeX Warning: Reference `app:adjoint_considerations' on page 3 undefined on input line 375.




Package fancyhdr Warning: \headheight is too small (12.0pt): 
(fancyhdr)                Make it at least 15.49998pt, for example:
(fancyhdr)                \setlength{\headheight}{15.49998pt}.
(fancyhdr)                You might also make \topmargin smaller:
(fancyhdr)                \addtolength{\topmargin}{-3.49998pt}.

[3]


Package fancyhdr Warning: \headheight is too small (12.0pt): 
(fancyhdr)                Make it at least 15.49998pt, for example:
(fancyhdr)                \setlength{\headheight}{15.49998pt}.
(fancyhdr)                You might also make \topmargin smaller:
(fancyhdr)                \addtolength{\topmargin}{-3.49998pt}.

[4]

LaTeX Warning: Reference `app:eccov4_config' on page 5 undefined on input line 438.


LaTeX Warning: Reference `app:eccov4_config' on page 5 undefined on input line 453.




Package fancyhdr Warning: \headheight is too small (12.0pt): 
(fancyhdr)                Make it at least 15.49998pt, for example:
(fancyhdr)                \setlength{\headheight}{15.49998pt}.
(fancyhdr)                You might also make \topmargin smaller:
(fancyhdr)                \addtolength{\topmargin}{-3.49998pt}.

[5]
LaTeX Font Info:    Font shape `OT1/cmtt/bx/n' in size <12> not available
(Font)              Font shape `OT1/cmtt/m/n' tried instead on input line 493.

Overfull \hbox (67.97417pt too wide) in paragraph at lines 495--497
\OT1/cmr/m/n/12 Called from \OT1/cmtt/m/n/12 PACKAGES[]INIT[]FIXED \OT1/cmr/m/n/12 in the main model ini-tial-iza-tion. This rou-tine (\OT1/cmtt/m/n/12 ggl90[]init[]fixed.F:7\OT1/cmr/m/n/12 )
 []

Package hyperref Info: bookmark level for unknown lstlisting defaults to 0 on input line 498.

Overfull \hbox (28.98419pt too wide) in paragraph at lines 530--532
[]\OT1/cmr/m/n/12 Register di-ag-nos-tic out-put fields (TKE, vis-cos-ity, dif-fu-siv-ity, etc.) via \OT1/cmtt/m/n/12 GGL90[]DIAGNOSTICS[]INIT\OT1/cmr/m/n/12 . 
 []




Package fancyhdr Warning: \headheight is too small (12.0pt): 
(fancyhdr)                Make it at least 15.49998pt, for example:
(fancyhdr)                \setlength{\headheight}{15.49998pt}.
(fancyhdr)                You might also make \topmargin smaller:
(fancyhdr)                \addtolength{\topmargin}{-3.49998pt}.

[6]


Package fancyhdr Warning: \headheight is too small (12.0pt): 
(fancyhdr)                Make it at least 15.49998pt, for example:
(fancyhdr)                \setlength{\headheight}{15.49998pt}.
(fancyhdr)                You might also make \topmargin smaller:
(fancyhdr)                \addtolength{\topmargin}{-3.49998pt}.

[7]
Overfull \hbox (76.15811pt too wide) in paragraph at lines 585--588
\OT1/cmr/m/n/12 At each model timestep, GGL90 is called from the main timestep-ping loop (\OT1/cmtt/m/n/12 model/src/do[]oceanic[]phys.F\OT1/cmr/m/n/12 )
 []


LaTeX Warning: Reference `fig:call_flow' on page 8 undefined on input line 589.




Package fancyhdr Warning: \headheight is too small (12.0pt): 
(fancyhdr)                Make it at least 15.49998pt, for example:
(fancyhdr)                \setlength{\headheight}{15.49998pt}.
(fancyhdr)                You might also make \topmargin smaller:
(fancyhdr)                \addtolength{\topmargin}{-3.49998pt}.

[8]
Overfull \hbox (27.98264pt too wide) in paragraph at lines 716--718
[]\OT1/cmtt/m/n/12 GGL90[]CALC[]VISC\OT1/cmr/m/n/12 : Trans-fer $\OML/cmm/m/it/12 ^^T[]$ \OT1/cmr/m/n/12 to U/V-point ar-rays (\OT1/cmtt/m/n/12 GGL90viscArU\OT1/cmr/m/n/12 , \OT1/cmtt/m/n/12 GGL90viscArV\OT1/cmr/m/n/12 ) 
 []




Package fancyhdr Warning: \headheight is too small (12.0pt): 
(fancyhdr)                Make it at least 15.49998pt, for example:
(fancyhdr)                \setlength{\headheight}{15.49998pt}.
(fancyhdr)                You might also make \topmargin smaller:
(fancyhdr)                \addtolength{\topmargin}{-3.49998pt}.

[9]

LaTeX Warning: Reference `tab:file_summary' on page 10 undefined on input line 735.


Overfull \hbox (37.46805pt too wide) in paragraph at lines 796--799
[]\OT1/cmr/bx/n/12 Main driver \OT1/cmr/m/n/12 (\OT1/cmtt/m/n/12 ggl90[]calc.F\OT1/cmr/m/n/12 ) calls helper rou-tines (\OT1/cmtt/m/n/12 ggl90[]mixinglength.F\OT1/cmr/m/n/12 , \OT1/cmtt/m/n/12 ggl90[]calc[]diff.F\OT1/cmr/m/n/12 ,
 []




Package fancyhdr Warning: \headheight is too small (12.0pt): 
(fancyhdr)                Make it at least 15.49998pt, for example:
(fancyhdr)                \setlength{\headheight}{15.49998pt}.
(fancyhdr)                You might also make \topmargin smaller:
(fancyhdr)                \addtolength{\topmargin}{-3.49998pt}.

[10]

LaTeX Warning: Reference `sec:cpp_options' on page 11 undefined on input line 804.


LaTeX Warning: Reference `tab:core_params' on page 11 undefined on input line 838.


Underfull \hbox (badness 1803) in paragraph at lines 854--856
[]|\OT1/cmr/m/n/10.95 Dissipation con-stant $\OML/cmm/m/it/10.95 c[]$ \OT1/cmr/m/n/10.95 in $\OML/cmm/m/it/10.95 " \OT1/cmr/m/n/10.95 =
 []


Underfull \hbox (badness 1237) in paragraph at lines 854--856
\OML/cmm/m/it/10.95 c[][][]=L[]$\OT1/cmr/m/n/10.95 . Based on Kol-
 []


LaTeX Warning: Reference `app:eccov4_config' on page 11 undefined on input line 861.


Underfull \hbox (badness 10000) in paragraph at lines 864--866
[]|\OT1/cmr/m/n/10.95 Surface TKE flux con-stant
 []


Underfull \hbox (badness 10000) in paragraph at lines 864--866
\OML/cmm/m/it/10.95 m[]$ \OT1/cmr/m/n/10.95 in bound-ary con-di-tion
 []


Underfull \hbox (badness 1264) in paragraph at lines 868--871
\OT1/cmr/m/n/10.95 back-ground mix-ing from in-ter-nal
 []


Underfull \hbox (badness 1048) in paragraph at lines 868--871
\OT1/cmr/m/n/10.95 waves and other un-re-solved pro-
 []


Underfull \hbox (badness 2111) in paragraph at lines 873--876
\OT1/cmr/m/n/10.95 ad-e-quate sur-face bound-ary layer
 []


Underfull \hbox (badness 1874) in paragraph at lines 873--876
\OT1/cmr/m/n/10.95 mix-ing. Value from Blanke &
 []


LaTeX Warning: `!h' float specifier changed to `!ht'.




Package fancyhdr Warning: \headheight is too small (12.0pt): 
(fancyhdr)                Make it at least 15.49998pt, for example:
(fancyhdr)                \setlength{\headheight}{15.49998pt}.
(fancyhdr)                You might also make \topmargin smaller:
(fancyhdr)                \addtolength{\topmargin}{-3.49998pt}.

[11]


Package fancyhdr Warning: \headheight is too small (12.0pt): 
(fancyhdr)                Make it at least 15.49998pt, for example:
(fancyhdr)                \setlength{\headheight}{15.49998pt}.
(fancyhdr)                You might also make \topmargin smaller:
(fancyhdr)                \addtolength{\topmargin}{-3.49998pt}.

[12]

LaTeX Warning: Reference `tab:mixlen_params' on page 13 undefined on input line 931.


LaTeX Warning: Reference `app:eccov4_config' on page 13 undefined on input line 946.


LaTeX Warning: Reference `app:adjoint_considerations' on page 13 undefined on input line 951.


Overfull \hbox (80.26859pt too wide) in paragraph at lines 937--962
 [][] 
 []


LaTeX Warning: Reference `app:eccov4_config' on page 13 undefined on input line 978.


LaTeX Warning: Reference `tab:numerical_params' on page 13 undefined on input line 984.


Underfull \hbox (badness 10000) in paragraph at lines 995--998
[]|\OT1/cmr/m/n/12 Horizontal dif-fu-siv-ity for
 []


Underfull \hbox (badness 10000) in paragraph at lines 995--998
\OT1/cmr/m/n/12 TKE. Only ac-tive if
 []


Underfull \hbox (badness 10000) in paragraph at lines 995--998
\OT1/cmtt/m/n/12 ALLOW[]GGL90[]HORIZDIFF
 []


Underfull \hbox (badness 1622) in paragraph at lines 1000--1004
\OT1/cmr/m/n/12 di-tions for TKE at bound-
 []


Underfull \hbox (badness 10000) in paragraph at lines 1018--1020
\OT1/cmr/m/n/12 state files (matches main
 []


LaTeX Warning: Reference `sec:idemix' on page 13 undefined on input line 1031.


Underfull \hbox (badness 1478) in paragraph at lines 1033--1036
[]|\OT1/cmr/m/n/12 Enable Lang-muir cir-cu-la-tion
 []


LaTeX Warning: `!h' float specifier changed to `!ht'.

(/usr/local/texlive/2025/texmf-dist/tex/latex/listings/lstlang1.sty
File: lstlang1.sty 2024/09/23 1.10c listings language file
) (/usr/local/texlive/2025/texmf-dist/tex/latex/listings/lstlang1.sty
File: lstlang1.sty 2024/09/23 1.10c listings language file
)


Package fancyhdr Warning: \headheight is too small (12.0pt): 
(fancyhdr)                Make it at least 15.49998pt, for example:
(fancyhdr)                \setlength{\headheight}{15.49998pt}.
(fancyhdr)                You might also make \topmargin smaller:
(fancyhdr)                \addtolength{\topmargin}{-3.49998pt}.

[13]


Package fancyhdr Warning: \headheight is too small (12.0pt): 
(fancyhdr)                Make it at least 15.49998pt, for example:
(fancyhdr)                \setlength{\headheight}{15.49998pt}.
(fancyhdr)                You might also make \topmargin smaller:
(fancyhdr)                \addtolength{\topmargin}{-3.49998pt}.

[14]

LaTeX Warning: Reference `app:eccov4_config' on page 15 undefined on input line 1083.

LaTeX Font Info:    Font shape `OT1/cmtt/bx/n' in size <17.28> not available
(Font)              Font shape `OT1/cmtt/m/n' tried instead on input line 1107.



Package fancyhdr Warning: \headheight is too small (12.0pt): 
(fancyhdr)                Make it at least 15.49998pt, for example:
(fancyhdr)                \setlength{\headheight}{15.49998pt}.
(fancyhdr)                You might also make \topmargin smaller:
(fancyhdr)                \addtolength{\topmargin}{-3.49998pt}.

[15]


Package fancyhdr Warning: \headheight is too small (12.0pt): 
(fancyhdr)                Make it at least 15.49998pt, for example:
(fancyhdr)                \setlength{\headheight}{15.49998pt}.
(fancyhdr)                You might also make \topmargin smaller:
(fancyhdr)                \addtolength{\topmargin}{-3.49998pt}.

[16]


Package fancyhdr Warning: \headheight is too small (12.0pt): 
(fancyhdr)                Make it at least 15.49998pt, for example:
(fancyhdr)                \setlength{\headheight}{15.49998pt}.
(fancyhdr)                You might also make \topmargin smaller:
(fancyhdr)                \addtolength{\topmargin}{-3.49998pt}.

[17]

LaTeX Warning: Reference `sec:stratification' on page 18 undefined on input line 1236.


LaTeX Warning: Reference `sec:stratification' on page 18 undefined on input line 1239.


LaTeX Warning: Reference `sec:stratification' on page 18 undefined on input line 1242.


LaTeX Warning: Reference `sec:mixing_length' on page 18 undefined on input line 1246.


LaTeX Warning: Reference `sec:eddy_coeffs' on page 18 undefined on input line 1249.


LaTeX Warning: Reference `sec:tke_budget' on page 18 undefined on input line 1252.




Package fancyhdr Warning: \headheight is too small (12.0pt): 
(fancyhdr)                Make it at least 15.49998pt, for example:
(fancyhdr)                \setlength{\headheight}{15.49998pt}.
(fancyhdr)                You might also make \topmargin smaller:
(fancyhdr)                \addtolength{\topmargin}{-3.49998pt}.

[18]

LaTeX Warning: Reference `sec:tke_budget' on page 19 undefined on input line 1255.


LaTeX Warning: Reference `sec:boundary_conditions' on page 19 undefined on input line 1258.


LaTeX Warning: Reference `sec:tke_budget' on page 19 undefined on input line 1261.


LaTeX Warning: Reference `sec:interface' on page 19 undefined on input line 1264.


Package hyperref Warning: Token not allowed in a PDF string (Unicode):
(hyperref)                removing `math shift' on input line 1281.


Package hyperref Warning: Token not allowed in a PDF string (Unicode):
(hyperref)                removing `superscript' on input line 1281.


Package hyperref Warning: Token not allowed in a PDF string (Unicode):
(hyperref)                removing `math shift' on input line 1281.




Package fancyhdr Warning: \headheight is too small (12.0pt): 
(fancyhdr)                Make it at least 15.49998pt, for example:
(fancyhdr)                \setlength{\headheight}{15.49998pt}.
(fancyhdr)                You might also make \topmargin smaller:
(fancyhdr)                \addtolength{\topmargin}{-3.49998pt}.

[19]

Package hyperref Warning: Token not allowed in a PDF string (Unicode):
(hyperref)                removing `math shift' on input line 1340.


Package hyperref Warning: Token not allowed in a PDF string (Unicode):
(hyperref)                removing `superscript' on input line 1340.


Package hyperref Warning: Token not allowed in a PDF string (Unicode):
(hyperref)                removing `math shift' on input line 1340.


Overfull \hbox (9.5913pt too wide) in paragraph at lines 1352--1354
\OT1/cmr/m/n/12 GGL90 of-fers two meth-ods for com-put-ing $\OML/cmm/m/it/12 S[]$\OT1/cmr/m/n/12 , con-trolled by the pa-ram-e-ter \OT1/cmtt/m/n/12 calcMeanVertShear\OT1/cmr/m/n/12 . 
 []




Package fancyhdr Warning: \headheight is too small (12.0pt): 
(fancyhdr)                Make it at least 15.49998pt, for example:
(fancyhdr)                \setlength{\headheight}{15.49998pt}.
(fancyhdr)                You might also make \topmargin smaller:
(fancyhdr)                \addtolength{\topmargin}{-3.49998pt}.

[20]


Package fancyhdr Warning: \headheight is too small (12.0pt): 
(fancyhdr)                Make it at least 15.49998pt, for example:
(fancyhdr)                \setlength{\headheight}{15.49998pt}.
(fancyhdr)                You might also make \topmargin smaller:
(fancyhdr)                \addtolength{\topmargin}{-3.49998pt}.

[21]

Package hyperref Warning: Token not allowed in a PDF string (Unicode):
(hyperref)                removing `math shift' on input line 1427.


Package hyperref Warning: Token not allowed in a PDF string (Unicode):
(hyperref)                removing `subscript' on input line 1427.


Package hyperref Warning: Token not allowed in a PDF string (Unicode):
(hyperref)                removing `superscript' on input line 1427.


Package hyperref Warning: Token not allowed in a PDF string (Unicode):
(hyperref)                removing `math shift' on input line 1427.




Package fancyhdr Warning: \headheight is too small (12.0pt): 
(fancyhdr)                Make it at least 15.49998pt, for example:
(fancyhdr)                \setlength{\headheight}{15.49998pt}.
(fancyhdr)                You might also make \topmargin smaller:
(fancyhdr)                \addtolength{\topmargin}{-3.49998pt}.

[22]

LaTeX Warning: Reference `sec:mxl_gaspar' on page 23 undefined on input line 1473.


LaTeX Warning: Reference `sec:mxl_method0' on page 23 undefined on input line 1474.


LaTeX Warning: Reference `sec:mxl_method2' on page 23 undefined on input line 1474.


LaTeX Warning: Reference `sec:eddy_coeffs' on page 23 undefined on input line 1477.


LaTeX Warning: Reference `sec:tke_dissipation' on page 23 undefined on input line 1477.


LaTeX Warning: Reference `app:eccov4_config' on page 23 undefined on input line 1479.




Package fancyhdr Warning: \headheight is too small (12.0pt): 
(fancyhdr)                Make it at least 15.49998pt, for example:
(fancyhdr)                \setlength{\headheight}{15.49998pt}.
(fancyhdr)                You might also make \topmargin smaller:
(fancyhdr)                \addtolength{\topmargin}{-3.49998pt}.

[23]


Package fancyhdr Warning: \headheight is too small (12.0pt): 
(fancyhdr)                Make it at least 15.49998pt, for example:
(fancyhdr)                \setlength{\headheight}{15.49998pt}.
(fancyhdr)                You might also make \topmargin smaller:
(fancyhdr)                \addtolength{\topmargin}{-3.49998pt}.

[24]


Package fancyhdr Warning: \headheight is too small (12.0pt): 
(fancyhdr)                Make it at least 15.49998pt, for example:
(fancyhdr)                \setlength{\headheight}{15.49998pt}.
(fancyhdr)                You might also make \topmargin smaller:
(fancyhdr)                \addtolength{\topmargin}{-3.49998pt}.

[25]


Package fancyhdr Warning: \headheight is too small (12.0pt): 
(fancyhdr)                Make it at least 15.49998pt, for example:
(fancyhdr)                \setlength{\headheight}{15.49998pt}.
(fancyhdr)                You might also make \topmargin smaller:
(fancyhdr)                \addtolength{\topmargin}{-3.49998pt}.

[26]


Package fancyhdr Warning: \headheight is too small (12.0pt): 
(fancyhdr)                Make it at least 15.49998pt, for example:
(fancyhdr)                \setlength{\headheight}{15.49998pt}.
(fancyhdr)                You might also make \topmargin smaller:
(fancyhdr)                \addtolength{\topmargin}{-3.49998pt}.

[27]


Package fancyhdr Warning: \headheight is too small (12.0pt): 
(fancyhdr)                Make it at least 15.49998pt, for example:
(fancyhdr)                \setlength{\headheight}{15.49998pt}.
(fancyhdr)                You might also make \topmargin smaller:
(fancyhdr)                \addtolength{\topmargin}{-3.49998pt}.

[28]

LaTeX Warning: Reference `app:eccov4_config' on page 29 undefined on input line 1719.




Package fancyhdr Warning: \headheight is too small (12.0pt): 
(fancyhdr)                Make it at least 15.49998pt, for example:
(fancyhdr)                \setlength{\headheight}{15.49998pt}.
(fancyhdr)                You might also make \topmargin smaller:
(fancyhdr)                \addtolength{\topmargin}{-3.49998pt}.

[29]


Package fancyhdr Warning: \headheight is too small (12.0pt): 
(fancyhdr)                Make it at least 15.49998pt, for example:
(fancyhdr)                \setlength{\headheight}{15.49998pt}.
(fancyhdr)                You might also make \topmargin smaller:
(fancyhdr)                \addtolength{\topmargin}{-3.49998pt}.

[30]


Package fancyhdr Warning: \headheight is too small (12.0pt): 
(fancyhdr)                Make it at least 15.49998pt, for example:
(fancyhdr)                \setlength{\headheight}{15.49998pt}.
(fancyhdr)                You might also make \topmargin smaller:
(fancyhdr)                \addtolength{\topmargin}{-3.49998pt}.

[31]


Package fancyhdr Warning: \headheight is too small (12.0pt): 
(fancyhdr)                Make it at least 15.49998pt, for example:
(fancyhdr)                \setlength{\headheight}{15.49998pt}.
(fancyhdr)                You might also make \topmargin smaller:
(fancyhdr)                \addtolength{\topmargin}{-3.49998pt}.

[32]
Overfull \hbox (14.85815pt too wide) in paragraph at lines 1875--1876
[] []\OT1/cmr/bx/n/12 Up-ward sweep:[] \OT1/cmr/m/n/12 Start-ing from the bot-tom (as-sum-ing a bot-tom bound-ary con-di-tion $\OML/cmm/m/it/12 `[]\OT1/cmr/m/n/12 (\OML/cmm/m/it/12 N[]\OT1/cmr/m/n/12 ) =
 []


LaTeX Warning: Reference `tab:mxl_methods' on page 33 undefined on input line 1897.


LaTeX Warning: Reference `app:eccov4_config' on page 33 undefined on input line 1911.


Underfull \hbox (badness 10000) in paragraph at lines 1911--1912
[]|\OT1/cmr/m/n/12 Realistic strat-i-fi-ca-
 []


Underfull \hbox (badness 10000) in paragraph at lines 1911--1912
\OT1/cmr/m/n/12 tion, high ver-ti-cal
 []


Underfull \hbox (badness 10000) in paragraph at lines 1911--1912
\OT1/cmr/m/n/12 res-o-lu-tion, \OT1/cmr/bx/n/12 rec-
 []


Underfull \hbox (badness 10000) in paragraph at lines 1911--1912
\OT1/cmr/bx/n/12 om-mended \OT1/cmr/m/n/12 (Ap-
 []

LaTeX Font Info:    Font shape `OT1/cmtt/bx/n' in size <14.4> not available
(Font)              Font shape `OT1/cmtt/m/n' tried instead on input line 1921.



Package fancyhdr Warning: \headheight is too small (12.0pt): 
(fancyhdr)                Make it at least 15.49998pt, for example:
(fancyhdr)                \setlength{\headheight}{15.49998pt}.
(fancyhdr)                You might also make \topmargin smaller:
(fancyhdr)                \addtolength{\topmargin}{-3.49998pt}.

[33]

LaTeX Warning: Reference `eq:mxl_gaspar' on page 34 undefined on input line 1929.




Package fancyhdr Warning: \headheight is too small (12.0pt): 
(fancyhdr)                Make it at least 15.49998pt, for example:
(fancyhdr)                \setlength{\headheight}{15.49998pt}.
(fancyhdr)                You might also make \topmargin smaller:
(fancyhdr)                \addtolength{\topmargin}{-3.49998pt}.

[34]

LaTeX Warning: Reference `app:eccov4_config' on page 35 undefined on input line 1973.


LaTeX Warning: Reference `app:eccov4_config' on page 35 undefined on input line 1983.


Overfull \hbox (1.7331pt too wide) in paragraph at lines 1989--1990
[]\OT1/cmr/m/n/12 However, the pa-ram-e-ter [][]\OT1/cmtt/m/n/12 GGL90mixingLengthMin []\OT1/cmr/m/n/12 ef-fec-tively sets a min-i-mum mix-ing length
 []




Package fancyhdr Warning: \headheight is too small (12.0pt): 
(fancyhdr)                Make it at least 15.49998pt, for example:
(fancyhdr)                \setlength{\headheight}{15.49998pt}.
(fancyhdr)                You might also make \topmargin smaller:
(fancyhdr)                \addtolength{\topmargin}{-3.49998pt}.

[35]

LaTeX Warning: Reference `app:adjoint_considerations' on page 36 undefined on input line 2005.


Overfull \hbox (4.45218pt too wide) in paragraph at lines 2005--2006
\OT1/cmr/m/n/12 cal-cu-la-tions (see Ap-pendix []). The code ap-pears in lines 390--416 of [][]\OT1/cmtt/m/n/12 ggl90_mixinglength.F[]\OT1/cmr/m/n/12 : 
 []


LaTeX Warning: Reference `app:adjoint_considerations' on page 36 undefined on input line 2026.


Overfull \hbox (6.7499pt too wide) in paragraph at lines 2026--2027
[]\OT1/cmr/m/n/12 Enable for adjoint/gradient-based op-ti-miza-tion (see Ap-pendix []), where smooth deriva-
 []




Package fancyhdr Warning: \headheight is too small (12.0pt): 
(fancyhdr)                Make it at least 15.49998pt, for example:
(fancyhdr)                \setlength{\headheight}{15.49998pt}.
(fancyhdr)                You might also make \topmargin smaller:
(fancyhdr)                \addtolength{\topmargin}{-3.49998pt}.

[36]

LaTeX Warning: Reference `sec:langmuir' on page 37 undefined on input line 2035.


LaTeX Warning: Reference `sec:eddy_coeffs' on page 37 undefined on input line 2065.


LaTeX Warning: Reference `sec:eddy_coeffs' on page 37 undefined on input line 2067.


LaTeX Warning: Reference `sec:mxl_method2' on page 37 undefined on input line 2070.




Package fancyhdr Warning: \headheight is too small (12.0pt): 
(fancyhdr)                Make it at least 15.49998pt, for example:
(fancyhdr)                \setlength{\headheight}{15.49998pt}.
(fancyhdr)                You might also make \topmargin smaller:
(fancyhdr)                \addtolength{\topmargin}{-3.49998pt}.

[37]

LaTeX Warning: Reference `sec:idemix' on page 38 undefined on input line 2072.


LaTeX Warning: Reference `sec:langmuir' on page 38 undefined on input line 2072.


LaTeX Warning: Reference `eq:tke_budget' on page 38 undefined on input line 2094.


LaTeX Warning: Reference `sec:bc_surface' on page 38 undefined on input line 2096.


LaTeX Warning: Reference `sec:bc_bottom' on page 38 undefined on input line 2097.




Package fancyhdr Warning: \headheight is too small (12.0pt): 
(fancyhdr)                Make it at least 15.49998pt, for example:
(fancyhdr)                \setlength{\headheight}{15.49998pt}.
(fancyhdr)                You might also make \topmargin smaller:
(fancyhdr)                \addtolength{\topmargin}{-3.49998pt}.

[38]


Package fancyhdr Warning: \headheight is too small (12.0pt): 
(fancyhdr)                Make it at least 15.49998pt, for example:
(fancyhdr)                \setlength{\headheight}{15.49998pt}.
(fancyhdr)                You might also make \topmargin smaller:
(fancyhdr)                \addtolength{\topmargin}{-3.49998pt}.

[39]

LaTeX Warning: Reference `app:eccov4_config' on page 40 undefined on input line 2174.




Package fancyhdr Warning: \headheight is too small (12.0pt): 
(fancyhdr)                Make it at least 15.49998pt, for example:
(fancyhdr)                \setlength{\headheight}{15.49998pt}.
(fancyhdr)                You might also make \topmargin smaller:
(fancyhdr)                \addtolength{\topmargin}{-3.49998pt}.

[40]

LaTeX Warning: Reference `sec:tke_prandtl' on page 41 undefined on input line 2218.




Package fancyhdr Warning: \headheight is too small (12.0pt): 
(fancyhdr)                Make it at least 15.49998pt, for example:
(fancyhdr)                \setlength{\headheight}{15.49998pt}.
(fancyhdr)                You might also make \topmargin smaller:
(fancyhdr)                \addtolength{\topmargin}{-3.49998pt}.

[41]


Package fancyhdr Warning: \headheight is too small (12.0pt): 
(fancyhdr)                Make it at least 15.49998pt, for example:
(fancyhdr)                \setlength{\headheight}{15.49998pt}.
(fancyhdr)                You might also make \topmargin smaller:
(fancyhdr)                \addtolength{\topmargin}{-3.49998pt}.

[42]
Overfull \hbox (23.5556pt too wide) in paragraph at lines 2296--2297
[]\OT1/cmr/m/n/12 The term [][]\OT1/cmtt/m/n/12 + implDissFac*deltaTloc*GGL90ceps*SQRTTKE(i,j,k)*rMixingLength(i,j,k)
 []




Package fancyhdr Warning: \headheight is too small (12.0pt): 
(fancyhdr)                Make it at least 15.49998pt, for example:
(fancyhdr)                \setlength{\headheight}{15.49998pt}.
(fancyhdr)                You might also make \topmargin smaller:
(fancyhdr)                \addtolength{\topmargin}{-3.49998pt}.

[43]

Package hyperref Warning: Token not allowed in a PDF string (Unicode):
(hyperref)                removing `math shift' on input line 2340.


Package hyperref Warning: Token not allowed in a PDF string (Unicode):
(hyperref)                removing `\kappa' on input line 2340.


Package hyperref Warning: Token not allowed in a PDF string (Unicode):
(hyperref)                removing `subscript' on input line 2340.


Package hyperref Warning: Token not allowed in a PDF string (Unicode):
(hyperref)                removing `math shift' on input line 2340.




Package fancyhdr Warning: \headheight is too small (12.0pt): 
(fancyhdr)                Make it at least 15.49998pt, for example:
(fancyhdr)                \setlength{\headheight}{15.49998pt}.
(fancyhdr)                You might also make \topmargin smaller:
(fancyhdr)                \addtolength{\topmargin}{-3.49998pt}.

[44]


Package fancyhdr Warning: \headheight is too small (12.0pt): 
(fancyhdr)                Make it at least 15.49998pt, for example:
(fancyhdr)                \setlength{\headheight}{15.49998pt}.
(fancyhdr)                You might also make \topmargin smaller:
(fancyhdr)                \addtolength{\topmargin}{-3.49998pt}.

[45]


Package fancyhdr Warning: \headheight is too small (12.0pt): 
(fancyhdr)                Make it at least 15.49998pt, for example:
(fancyhdr)                \setlength{\headheight}{15.49998pt}.
(fancyhdr)                You might also make \topmargin smaller:
(fancyhdr)                \addtolength{\topmargin}{-3.49998pt}.

[46]


Package fancyhdr Warning: \headheight is too small (12.0pt): 
(fancyhdr)                Make it at least 15.49998pt, for example:
(fancyhdr)                \setlength{\headheight}{15.49998pt}.
(fancyhdr)                You might also make \topmargin smaller:
(fancyhdr)                \addtolength{\topmargin}{-3.49998pt}.

[47]
Overfull \hbox (3.10812pt too wide) in paragraph at lines 2530--2531
[]\OT1/cmr/m/n/12 Numerical sta-bil-ity in eddy-permitting or eddy-resolving con-fig-u-ra-tions with very strong
 []


LaTeX Warning: Reference `sec:eddy_visc' on page 48 undefined on input line 2544.




Package fancyhdr Warning: \headheight is too small (12.0pt): 
(fancyhdr)                Make it at least 15.49998pt, for example:
(fancyhdr)                \setlength{\headheight}{15.49998pt}.
(fancyhdr)                You might also make \topmargin smaller:
(fancyhdr)                \addtolength{\topmargin}{-3.49998pt}.

[48]

LaTeX Warning: Reference `sec:tke_prandtl' on page 49 undefined on input line 2545.


LaTeX Warning: Reference `sec:eddy_diff' on page 49 undefined on input line 2546.


LaTeX Warning: Reference `sec:eddy_floors' on page 49 undefined on input line 2547.


LaTeX Warning: Reference `sec:model_interface' on page 49 undefined on input line 2550.


Package hyperref Warning: Token not allowed in a PDF string (Unicode):
(hyperref)                removing `math shift' on input line 2553.


Package hyperref Warning: Token not allowed in a PDF string (Unicode):
(hyperref)                removing `\kappa' on input line 2553.


Package hyperref Warning: Token not allowed in a PDF string (Unicode):
(hyperref)                removing `subscript' on input line 2553.


Package hyperref Warning: Token not allowed in a PDF string (Unicode):
(hyperref)                removing `math shift' on input line 2553.


LaTeX Warning: Reference `sec:mxl_method2' on page 49 undefined on input line 2569.




Package fancyhdr Warning: \headheight is too small (12.0pt): 
(fancyhdr)                Make it at least 15.49998pt, for example:
(fancyhdr)                \setlength{\headheight}{15.49998pt}.
(fancyhdr)                You might also make \topmargin smaller:
(fancyhdr)                \addtolength{\topmargin}{-3.49998pt}.

[49]

LaTeX Warning: Reference `eq:kappa_m' on page 50 undefined on input line 2603.


LaTeX Warning: Reference `sec:eddy_floors' on page 50 undefined on input line 2605.




Package fancyhdr Warning: \headheight is too small (12.0pt): 
(fancyhdr)                Make it at least 15.49998pt, for example:
(fancyhdr)                \setlength{\headheight}{15.49998pt}.
(fancyhdr)                You might also make \topmargin smaller:
(fancyhdr)                \addtolength{\topmargin}{-3.49998pt}.

[50]


Package fancyhdr Warning: \headheight is too small (12.0pt): 
(fancyhdr)                Make it at least 15.49998pt, for example:
(fancyhdr)                \setlength{\headheight}{15.49998pt}.
(fancyhdr)                You might also make \topmargin smaller:
(fancyhdr)                \addtolength{\topmargin}{-3.49998pt}.

[51]

LaTeX Warning: Reference `eq:prandtl_ri' on page 52 undefined on input line 2684.


LaTeX Warning: Reference `sec:idemix' on page 52 undefined on input line 2698.




Package fancyhdr Warning: \headheight is too small (12.0pt): 
(fancyhdr)                Make it at least 15.49998pt, for example:
(fancyhdr)                \setlength{\headheight}{15.49998pt}.
(fancyhdr)                You might also make \topmargin smaller:
(fancyhdr)                \addtolength{\topmargin}{-3.49998pt}.

[52]

Package hyperref Warning: Token not allowed in a PDF string (Unicode):
(hyperref)                removing `math shift' on input line 2727.


Package hyperref Warning: Token not allowed in a PDF string (Unicode):
(hyperref)                removing `\kappa' on input line 2727.


Package hyperref Warning: Token not allowed in a PDF string (Unicode):
(hyperref)                removing `subscript' on input line 2727.


Package hyperref Warning: Token not allowed in a PDF string (Unicode):
(hyperref)                removing `math shift' on input line 2727.


LaTeX Warning: Reference `sec:model_interface' on page 53 undefined on input line 2749.




Package fancyhdr Warning: \headheight is too small (12.0pt): 
(fancyhdr)                Make it at least 15.49998pt, for example:
(fancyhdr)                \setlength{\headheight}{15.49998pt}.
(fancyhdr)                You might also make \topmargin smaller:
(fancyhdr)                \addtolength{\topmargin}{-3.49998pt}.

[53]

LaTeX Warning: Reference `sec:tke_diffusion' on page 54 undefined on input line 2751.


LaTeX Warning: Reference `sec:eddy_visc' on page 54 undefined on input line 2755.


LaTeX Warning: Reference `sec:eddy_visc' on page 54 undefined on input line 2782.




Package fancyhdr Warning: \headheight is too small (12.0pt): 
(fancyhdr)                Make it at least 15.49998pt, for example:
(fancyhdr)                \setlength{\headheight}{15.49998pt}.
(fancyhdr)                You might also make \topmargin smaller:
(fancyhdr)                \addtolength{\topmargin}{-3.49998pt}.

[54]
Overfull \hbox (139.42671pt too wide) in paragraph at lines 2799--2800
\OT1/cmr/m/n/12 In pres-sure co-or-di-nates, the back-ground vis-cosi-ties and dif-fu-siv-i-ties must be scaled by [][]\OT1/cmtt/m/n/12 recip_coordFac*recip_coordFac
 []


LaTeX Warning: Reference `sec:mxl_method2' on page 55 undefined on input line 2803.


LaTeX Warning: Reference `sec:tke_dissipation' on page 55 undefined on input line 2803.




Package fancyhdr Warning: \headheight is too small (12.0pt): 
(fancyhdr)                Make it at least 15.49998pt, for example:
(fancyhdr)                \setlength{\headheight}{15.49998pt}.
(fancyhdr)                You might also make \topmargin smaller:
(fancyhdr)                \addtolength{\topmargin}{-3.49998pt}.

[55]
Overfull \hbox (50.3528pt too wide) in paragraph at lines 2856--2857
[]\OT1/cmr/m/n/12 In MIT-gcm, the sur-face stresses are pro-vided by the fields [][]\OT1/cmtt/m/n/12 surfaceForcingU []\OT1/cmr/m/n/12 and [][]\OT1/cmtt/m/n/12 surfaceForcingV[]\OT1/cmr/m/n/12 ,
 []




Package fancyhdr Warning: \headheight is too small (12.0pt): 
(fancyhdr)                Make it at least 15.49998pt, for example:
(fancyhdr)                \setlength{\headheight}{15.49998pt}.
(fancyhdr)                You might also make \topmargin smaller:
(fancyhdr)                \addtolength{\topmargin}{-3.49998pt}.

[56]


Package fancyhdr Warning: \headheight is too small (12.0pt): 
(fancyhdr)                Make it at least 15.49998pt, for example:
(fancyhdr)                \setlength{\headheight}{15.49998pt}.
(fancyhdr)                You might also make \topmargin smaller:
(fancyhdr)                \addtolength{\topmargin}{-3.49998pt}.

[57]


Package fancyhdr Warning: \headheight is too small (12.0pt): 
(fancyhdr)                Make it at least 15.49998pt, for example:
(fancyhdr)                \setlength{\headheight}{15.49998pt}.
(fancyhdr)                You might also make \topmargin smaller:
(fancyhdr)                \addtolength{\topmargin}{-3.49998pt}.

[58]


Package fancyhdr Warning: \headheight is too small (12.0pt): 
(fancyhdr)                Make it at least 15.49998pt, for example:
(fancyhdr)                \setlength{\headheight}{15.49998pt}.
(fancyhdr)                You might also make \topmargin smaller:
(fancyhdr)                \addtolength{\topmargin}{-3.49998pt}.

[59]

LaTeX Warning: Reference `eq:bottom_bc_dirichlet' on page 60 undefined on input line 3013.




Package fancyhdr Warning: \headheight is too small (12.0pt): 
(fancyhdr)                Make it at least 15.49998pt, for example:
(fancyhdr)                \setlength{\headheight}{15.49998pt}.
(fancyhdr)                You might also make \topmargin smaller:
(fancyhdr)                \addtolength{\topmargin}{-3.49998pt}.

[60]
Underfull \hbox (badness 5288) in paragraph at lines 3068--3068
[]|$\OML/cmm/m/it/12 e[] \OT1/cmr/m/n/12 = 0$ (or user-
 []


LaTeX Warning: Reference `app:eccov4_config' on page 61 undefined on input line 3070.


Overfull \hbox (77.865pt too wide) in paragraph at lines 3095--3096
[]\OT1/cmr/m/n/12 where $\OML/cmm/m/it/12 C[]$ \OT1/cmr/m/n/12 is the ice-shelf drag co-ef-fi-cient (spec-i-fied by [][]\OT1/cmtt/m/n/12 SHELFICEDragLinear []\OT1/cmr/m/n/12 or [][]\OT1/cmtt/m/n/12 SHELFICEDragQuadratic[]\OT1/cmr/m/n/12 )
 []




Package fancyhdr Warning: \headheight is too small (12.0pt): 
(fancyhdr)                Make it at least 15.49998pt, for example:
(fancyhdr)                \setlength{\headheight}{15.49998pt}.
(fancyhdr)                You might also make \topmargin smaller:
(fancyhdr)                \addtolength{\topmargin}{-3.49998pt}.

[61]

LaTeX Warning: Reference `sec:mxl_surface_constraints' on page 62 undefined on input line 3121.




Package fancyhdr Warning: \headheight is too small (12.0pt): 
(fancyhdr)                Make it at least 15.49998pt, for example:
(fancyhdr)                \setlength{\headheight}{15.49998pt}.
(fancyhdr)                You might also make \topmargin smaller:
(fancyhdr)                \addtolength{\topmargin}{-3.49998pt}.

[62]

LaTeX Warning: Reference `sec:visc_transfer' on page 63 undefined on input line 3142.


LaTeX Warning: Reference `sec:diff_transfer' on page 63 undefined on input line 3143.


LaTeX Warning: Reference `sec:exchanges' on page 63 undefined on input line 3144.




Package fancyhdr Warning: \headheight is too small (12.0pt): 
(fancyhdr)                Make it at least 15.49998pt, for example:
(fancyhdr)                \setlength{\headheight}{15.49998pt}.
(fancyhdr)                You might also make \topmargin smaller:
(fancyhdr)                \addtolength{\topmargin}{-3.49998pt}.

[63]

LaTeX Warning: Reference `sec:eddy_floors' on page 64 undefined on input line 3201.


Overfull \hbox (1.60225pt too wide) in paragraph at lines 3201--3202
[]\OT1/cmr/m/n/12 The sub-trac-tion of [][]\OT1/cmtt/m/n/12 viscArNr(k) []\OT1/cmr/m/n/12 is nec-es-sary be-cause [][]\OT1/cmtt/m/n/12 GGL90viscArU []\OT1/cmr/m/n/12 and [][]\OT1/cmtt/m/n/12 GGL90viscArV
 []


Overfull \hbox (0.30804pt too wide) in paragraph at lines 3206--3207
[][]\OT1/cmtt/m/n/12 GGL90_CALC_VISC []\OT1/cmr/m/n/12 is called from the main mo-men-tum rou-tine [][]\OT1/cmtt/m/n/12 MOM_VECINV []\OT1/cmr/m/n/12 (or [][]\OT1/cmtt/m/n/12 MOM_FLUXFORM[]\OT1/cmr/m/n/12 ,
 []




Package fancyhdr Warning: \headheight is too small (12.0pt): 
(fancyhdr)                Make it at least 15.49998pt, for example:
(fancyhdr)                \setlength{\headheight}{15.49998pt}.
(fancyhdr)                You might also make \topmargin smaller:
(fancyhdr)                \addtolength{\topmargin}{-3.49998pt}.

[64]


Package fancyhdr Warning: \headheight is too small (12.0pt): 
(fancyhdr)                Make it at least 15.49998pt, for example:
(fancyhdr)                \setlength{\headheight}{15.49998pt}.
(fancyhdr)                You might also make \topmargin smaller:
(fancyhdr)                \addtolength{\topmargin}{-3.49998pt}.

[65]
Overfull \hbox (121.02913pt too wide) in paragraph at lines 3274--3275
[]\OT1/cmr/m/n/12 Similar to [][]\OT1/cmtt/m/n/12 GGL90_CALC_VISC[]\OT1/cmr/m/n/12 , the rou-tine adds the GGL90 dif-fu-siv-ity in-cre-ment [][]\OT1/cmtt/m/n/12 GGL90diffKr - diffKrNrS(k)
 []




Package fancyhdr Warning: \headheight is too small (12.0pt): 
(fancyhdr)                Make it at least 15.49998pt, for example:
(fancyhdr)                \setlength{\headheight}{15.49998pt}.
(fancyhdr)                You might also make \topmargin smaller:
(fancyhdr)                \addtolength{\topmargin}{-3.49998pt}.

[66]

LaTeX Warning: Reference `sec:readparms' on page 67 undefined on input line 3315.


LaTeX Warning: Reference `sec:init_fixed' on page 67 undefined on input line 3315.


LaTeX Warning: Reference `sec:init_varia' on page 67 undefined on input line 3315.


Overfull \hbox (19.79483pt too wide) in paragraph at lines 3327--3328
[][][]\OT1/cmtt/m/n/12 GGL90_PARM03[]\OT1/cmr/m/n/12 : Lang-muir cir-cu-la-tion pa-ram-e-ters (op-tional, only if [][]\OT1/cmtt/m/n/12 ALLOW_GGL90_LANGMUIR
 []


/Users/ifenty/Library/CloudStorage/Box-Box/ifenty/Projects/ECCO/1D_Mixing_Experiments/1D_Mixing_Model/GGL90_ML/GGL90_package_description.tex:3330: LaTeX Error: \verb ended by end of line.

See the LaTeX manual or LaTeX Companion for explanation.
Type  H <return>  for immediate help.
 ...                                              
                                                  
l.3330 ...rom \verb|ggl90_readparms.F:L102--127}):
                                                  
Try typing  <return>  to proceed.
If that doesn't work, type  X <return>  to quit.




Package fancyhdr Warning: \headheight is too small (12.0pt): 
(fancyhdr)                Make it at least 15.49998pt, for example:
(fancyhdr)                \setlength{\headheight}{15.49998pt}.
(fancyhdr)                You might also make \topmargin smaller:
(fancyhdr)                \addtolength{\topmargin}{-3.49998pt}.

[67]


Package fancyhdr Warning: \headheight is too small (12.0pt): 
(fancyhdr)                Make it at least 15.49998pt, for example:
(fancyhdr)                \setlength{\headheight}{15.49998pt}.
(fancyhdr)                You might also make \topmargin smaller:
(fancyhdr)                \addtolength{\topmargin}{-3.49998pt}.

[68]
Overfull \hbox (5.88939pt too wide) in paragraph at lines 3416--3417
[] []\OT1/cmr/bx/n/12 3. Read restart pickup file:[] \OT1/cmr/m/n/12 If this is a restart run ([][]\OT1/cmtt/m/n/12 nIter0 != 0 []\OT1/cmr/m/n/12 or [][]\OT1/cmtt/m/n/12 pickupSuff != ' '[]\OT1/cmr/m/n/12 ),
 []




Package fancyhdr Warning: \headheight is too small (12.0pt): 
(fancyhdr)                Make it at least 15.49998pt, for example:
(fancyhdr)                \setlength{\headheight}{15.49998pt}.
(fancyhdr)                You might also make \topmargin smaller:
(fancyhdr)                \addtolength{\topmargin}{-3.49998pt}.

[69]

LaTeX Warning: Reference `sec:mxl_surface_constraints' on page 70 undefined on input line 3463.


LaTeX Warning: Reference `app:adjoint_considerations' on page 70 undefined on input line 3467.


LaTeX Warning: Reference `app:adjoint_considerations' on page 70 undefined on input line 3471.




Package fancyhdr Warning: \headheight is too small (12.0pt): 
(fancyhdr)                Make it at least 15.49998pt, for example:
(fancyhdr)                \setlength{\headheight}{15.49998pt}.
(fancyhdr)                You might also make \topmargin smaller:
(fancyhdr)                \addtolength{\topmargin}{-3.49998pt}.

[70]

LaTeX Warning: Reference `sec:tke_time_integration' on page 71 undefined on input line 3480.


LaTeX Warning: Reference `sec:idemix' on page 71 undefined on input line 3488.


LaTeX Warning: Reference `tab:ggl90_diagnostics' on page 71 undefined on input line 3506.


Overfull \hbox (55.34998pt too wide) in paragraph at lines 3530--3531
[] []\OT1/cmr/bx/n/12 Us-age ex-am-ple:[] \OT1/cmr/m/n/12 To out-put hourly snap-shots of TKE and eddy dif-fu-siv-ity, add to [][]\OT1/cmtt/m/n/12 data.diagnostics[]\OT1/cmr/m/n/12 : 
 []




Package fancyhdr Warning: \headheight is too small (12.0pt): 
(fancyhdr)                Make it at least 15.49998pt, for example:
(fancyhdr)                \setlength{\headheight}{15.49998pt}.
(fancyhdr)                You might also make \topmargin smaller:
(fancyhdr)                \addtolength{\topmargin}{-3.49998pt}.

[71]

LaTeX Warning: Reference `sec:tke_evolution' on page 72 undefined on input line 3573.




Package fancyhdr Warning: \headheight is too small (12.0pt): 
(fancyhdr)                Make it at least 15.49998pt, for example:
(fancyhdr)                \setlength{\headheight}{15.49998pt}.
(fancyhdr)                You might also make \topmargin smaller:
(fancyhdr)                \addtolength{\topmargin}{-3.49998pt}.

[72]

LaTeX Warning: Reference `sec:tke_prandtl' on page 73 undefined on input line 3581.


Overfull \hbox (62.07545pt too wide) in paragraph at lines 3601--3602
[]\OT1/cmr/m/n/12 If any check fails, the rou-tine prints an er-ror mes-sage and stops the model with [][]\OT1/cmtt/m/n/12 STOP 'ABNORMAL END'[]\OT1/cmr/m/n/12 .
 []




Package fancyhdr Warning: \headheight is too small (12.0pt): 
(fancyhdr)                Make it at least 15.49998pt, for example:
(fancyhdr)                \setlength{\headheight}{15.49998pt}.
(fancyhdr)                You might also make \topmargin smaller:
(fancyhdr)                \addtolength{\topmargin}{-3.49998pt}.

[73]

LaTeX Warning: Reference `app:eccov4_config' on page 74 undefined on input line 3616.


Overfull \hbox (40.6719pt too wide) in paragraph at lines 3623--3624
[]\OT1/cmr/bx/n/12 Numerical in-sta-bil-ity: \OT1/cmr/m/n/12 En-sure [][]\OT1/cmtt/m/n/12 GGL90TKEmin > 1e-8 []\OT1/cmr/m/n/12 and [][]\OT1/cmtt/m/n/12 GGL90mixingLengthMin > 1e-10[]\OT1/cmr/m/n/12 . 
 []

/Users/ifenty/Library/CloudStorage/Box-Box/ifenty/Projects/ECCO/1D_Mixing_Experiments/1D_Mixing_Model/GGL90_ML/GGL90_package_description.tex:3642: Missing $ inserted.
<inserted text> 
                $
l.3642 ...l crashes with ``file not found: pickup_
                                                  ggl90.XXX.data''.
I've inserted a begin-math/end-math symbol since I think
you left one out. Proceed, with fingers crossed.

/Users/ifenty/Library/CloudStorage/Box-Box/ifenty/Projects/ECCO/1D_Mixing_Experiments/1D_Mixing_Model/GGL90_ML/GGL90_package_description.tex:3643: Missing $ inserted.
<inserted text> 
                $
l.3643 
       
I've inserted a begin-math/end-math symbol since I think
you left one out. Proceed, with fingers crossed.


Overfull \hbox (2.80875pt too wide) in paragraph at lines 3650--3651
[]\OT1/cmr/bx/n/12 Solution: \OT1/cmr/m/n/12 Dis-able other ver-ti-cal mix-ing schemes (KPP, PP81, MY82) when us-ing GGL90.
 []




Package fancyhdr Warning: \headheight is too small (12.0pt): 
(fancyhdr)                Make it at least 15.49998pt, for example:
(fancyhdr)                \setlength{\headheight}{15.49998pt}.
(fancyhdr)                You might also make \topmargin smaller:
(fancyhdr)                \addtolength{\topmargin}{-3.49998pt}.

[74]

LaTeX Warning: Reference `app:adjoint_considerations' on page 75 undefined on input line 3665.


LaTeX Warning: Reference `sec:background' on page 75 undefined on input line 3676.


LaTeX Warning: Reference `sec:eddy_coeffs' on page 75 undefined on input line 3676.


LaTeX Warning: Reference `sec:architecture' on page 75 undefined on input line 3678.


LaTeX Warning: Reference `sec:diagnostics' on page 75 undefined on input line 3678.


LaTeX Warning: Reference `app:io_mapping' on page 75 undefined on input line 3680.


LaTeX Warning: Reference `sec:issues' on page 75 undefined on input line 3682.




Package fancyhdr Warning: \headheight is too small (12.0pt): 
(fancyhdr)                Make it at least 15.49998pt, for example:
(fancyhdr)                \setlength{\headheight}{15.49998pt}.
(fancyhdr)                You might also make \topmargin smaller:
(fancyhdr)                \addtolength{\topmargin}{-3.49998pt}.

[75]

LaTeX Warning: Reference `app:eccov4_config' on page 76 undefined on input line 3698.


LaTeX Warning: Reference `app:adjoint_considerations' on page 76 undefined on input line 3702.


Overfull \hbox (88.06415pt too wide) in paragraph at lines 3708--3709
[]\OT1/cmr/m/n/12 Langmuir tur-bu-lence with Stokes drift from a wave model (al-ready avail-able via [][]\OT1/cmtt/m/n/12 ALLOW_GGL90_LANGMUIR[]\OT1/cmr/m/n/12 ) 
 []




Package fancyhdr Warning: \headheight is too small (12.0pt): 
(fancyhdr)                Make it at least 15.49998pt, for example:
(fancyhdr)                \setlength{\headheight}{15.49998pt}.
(fancyhdr)                You might also make \topmargin smaller:
(fancyhdr)                \addtolength{\topmargin}{-3.49998pt}.

[76]

LaTeX Warning: Reference `tab:eccov4_params' on page 77 undefined on input line 3740.




Package fancyhdr Warning: \headheight is too small (12.0pt): 
(fancyhdr)                Make it at least 15.49998pt, for example:
(fancyhdr)                \setlength{\headheight}{15.49998pt}.
(fancyhdr)                You might also make \topmargin smaller:
(fancyhdr)                \addtolength{\topmargin}{-3.49998pt}.

[77]

Package hyperref Warning: Token not allowed in a PDF string (Unicode):
(hyperref)                removing `math shift' on input line 3777.


Package hyperref Warning: Token not allowed in a PDF string (Unicode):
(hyperref)                removing `superscript' on input line 3777.


Package hyperref Warning: Token not allowed in a PDF string (Unicode):
(hyperref)                removing `math shift' on input line 3777.


Package hyperref Warning: Token not allowed in a PDF string (Unicode):
(hyperref)                removing `math shift' on input line 3777.


Package hyperref Warning: Token not allowed in a PDF string (Unicode):
(hyperref)                removing `superscript' on input line 3777.


Package hyperref Warning: Token not allowed in a PDF string (Unicode):
(hyperref)                removing `math shift' on input line 3777.


Package hyperref Warning: Token not allowed in a PDF string (Unicode):
(hyperref)                removing `math shift' on input line 3777.


Package hyperref Warning: Token not allowed in a PDF string (Unicode):
(hyperref)                removing `superscript' on input line 3777.


Package hyperref Warning: Token not allowed in a PDF string (Unicode):
(hyperref)                removing `math shift' on input line 3777.


Package hyperref Warning: Token not allowed in a PDF string (Unicode):
(hyperref)                removing `math shift' on input line 3790.


Package hyperref Warning: Token not allowed in a PDF string (Unicode):
(hyperref)                removing `superscript' on input line 3790.


Package hyperref Warning: Token not allowed in a PDF string (Unicode):
(hyperref)                removing `math shift' on input line 3790.


Package hyperref Warning: Token not allowed in a PDF string (Unicode):
(hyperref)                removing `math shift' on input line 3790.


Package hyperref Warning: Token not allowed in a PDF string (Unicode):
(hyperref)                removing `superscript' on input line 3790.


Package hyperref Warning: Token not allowed in a PDF string (Unicode):
(hyperref)                removing `math shift' on input line 3790.


Package hyperref Warning: Token not allowed in a PDF string (Unicode):
(hyperref)                removing `math shift' on input line 3790.


Package hyperref Warning: Token not allowed in a PDF string (Unicode):
(hyperref)                removing `superscript' on input line 3790.


Package hyperref Warning: Token not allowed in a PDF string (Unicode):
(hyperref)                removing `math shift' on input line 3790.


LaTeX Warning: Reference `sec:mixing_length' on page 78 undefined on input line 3807.




Package fancyhdr Warning: \headheight is too small (12.0pt): 
(fancyhdr)                Make it at least 15.49998pt, for example:
(fancyhdr)                \setlength{\headheight}{15.49998pt}.
(fancyhdr)                You might also make \topmargin smaller:
(fancyhdr)                \addtolength{\topmargin}{-3.49998pt}.

[78]


Package fancyhdr Warning: \headheight is too small (12.0pt): 
(fancyhdr)                Make it at least 15.49998pt, for example:
(fancyhdr)                \setlength{\headheight}{15.49998pt}.
(fancyhdr)                You might also make \topmargin smaller:
(fancyhdr)                \addtolength{\topmargin}{-3.49998pt}.

[79]


Package fancyhdr Warning: \headheight is too small (12.0pt): 
(fancyhdr)                Make it at least 15.49998pt, for example:
(fancyhdr)                \setlength{\headheight}{15.49998pt}.
(fancyhdr)                You might also make \topmargin smaller:
(fancyhdr)                \addtolength{\topmargin}{-3.49998pt}.

[80]


Package fancyhdr Warning: \headheight is too small (12.0pt): 
(fancyhdr)                Make it at least 15.49998pt, for example:
(fancyhdr)                \setlength{\headheight}{15.49998pt}.
(fancyhdr)                You might also make \topmargin smaller:
(fancyhdr)                \addtolength{\topmargin}{-3.49998pt}.

[81]
Overfull \hbox (8.2325pt too wide) in paragraph at lines 3973--3974
[]\OT1/cmr/bx/n/12 Background: \OT1/cmr/m/n/12 Older EC-COv4 con-fig-u-ra-tions used an in-cor-rect thick-ness fac-tor in IDEMIX
 []




Package fancyhdr Warning: \headheight is too small (12.0pt): 
(fancyhdr)                Make it at least 15.49998pt, for example:
(fancyhdr)                \setlength{\headheight}{15.49998pt}.
(fancyhdr)                You might also make \topmargin smaller:
(fancyhdr)                \addtolength{\topmargin}{-3.49998pt}.

[82]

LaTeX Warning: Reference `tab:ggl90_kpp_adjoint' on page 83 undefined on input line 3986.


Overfull \hbox (27.0031pt too wide) detected at line 4021
[][]\OT1/cmr/m/n/12 (\OML/cmm/m/it/12 i; j\OT1/cmr/m/n/12 ) = [] [] + \OML/cmm/m/it/12 ^^O[]\OT1/cmr/m/n/12 (\OML/cmm/m/it/12 i; j\OT1/cmr/m/n/12 )
 []




Package fancyhdr Warning: \headheight is too small (12.0pt): 
(fancyhdr)                Make it at least 15.49998pt, for example:
(fancyhdr)                \setlength{\headheight}{15.49998pt}.
(fancyhdr)                You might also make \topmargin smaller:
(fancyhdr)                \addtolength{\topmargin}{-3.49998pt}.

[83]
Overfull \hbox (3.99146pt too wide) in paragraph at lines 4062--4063
\OT1/cmr/m/n/12 Bal-ance check-point fre-quency against mem-ory con-straints (typ-i-cal: ev-ery 10--50 timesteps). 
 []




Package fancyhdr Warning: \headheight is too small (12.0pt): 
(fancyhdr)                Make it at least 15.49998pt, for example:
(fancyhdr)                \setlength{\headheight}{15.49998pt}.
(fancyhdr)                You might also make \topmargin smaller:
(fancyhdr)                \addtolength{\topmargin}{-3.49998pt}.

[84]
Overfull \hbox (14.05746pt too wide) in paragraph at lines 4096--4097
\OT1/cmr/bx/n/12 Symptom: \OT1/cmr/m/n/12 Ad-joint gra-di-ents grow ex-po-nen-tially or pro-duce NaN val-ues af-ter $\OMS/cmsy/m/n/12 ^^X$\OT1/cmr/m/n/12 1000 timesteps. 
 []




Package fancyhdr Warning: \headheight is too small (12.0pt): 
(fancyhdr)                Make it at least 15.49998pt, for example:
(fancyhdr)                \setlength{\headheight}{15.49998pt}.
(fancyhdr)                You might also make \topmargin smaller:
(fancyhdr)                \addtolength{\topmargin}{-3.49998pt}.

[85]
Underfull \hbox (badness 10000) in paragraph at lines 4137--4137
[]|[][]\OT1/cmtt/m/n/12 GGL90viscArU[]\OT1/cmr/m/n/12 ,
 []


Underfull \hbox (badness 10000) in paragraph at lines 4143--4143
[]|\OT1/cmr/m/n/12 Squared buoy-ancy fre-
 []


Underfull \hbox (badness 10000) in paragraph at lines 4143--4143
\OT1/cmr/m/n/12 quency (strat-i-fi-ca-tion),
 []


Underfull \hbox (badness 10000) in paragraph at lines 4149--4149
[]|\OT1/cmr/m/n/12 Turbulent Prandtl num-ber,
 []


Underfull \hbox (badness 10000) in paragraph at lines 4151--4151
[]|[][]\OT1/cmtt/m/n/12 uStarSquare []\OT1/cmr/m/n/12 (ac-tu-
 []


Package longtable Warning: Column widths have changed
(longtable)                in table 11 on input line 4157.


Overfull \hbox (9.68904pt too wide) in paragraph at lines 4176--4176
[]|[][]\OT1/cmtt/m/n/12 GGL90mixingLengthMin| 
 []


Underfull \hbox (badness 1565) in paragraph at lines 4176--4176
[]|\OT1/cmr/m/n/12 Minimum mix-ing length (floor
 []


Package longtable Warning: Column widths have changed
(longtable)                in table 12 on input line 4180.


Package fancyhdr Warning: \headheight is too small (12.0pt): 
(fancyhdr)                Make it at least 15.49998pt, for example:
(fancyhdr)                \setlength{\headheight}{15.49998pt}.
(fancyhdr)                You might also make \topmargin smaller:
(fancyhdr)                \addtolength{\topmargin}{-3.49998pt}.

[86]


Package fancyhdr Warning: \headheight is too small (12.0pt): 
(fancyhdr)                Make it at least 15.49998pt, for example:
(fancyhdr)                \setlength{\headheight}{15.49998pt}.
(fancyhdr)                You might also make \topmargin smaller:
(fancyhdr)                \addtolength{\topmargin}{-3.49998pt}.

[87]

LaTeX Warning: Reference `fig:ggl90_dataflow' on page 88 undefined on input line 4234.


LaTeX Warning: Reference `tab:external_inputs' on page 88 undefined on input line 4241.


Underfull \hbox (badness 10000) in paragraph at lines 4252--4252
[]|[][]\OT1/cmtt/m/n/10.95 CALC_PHI_HYD
 []


Underfull \hbox (badness 10000) in paragraph at lines 4252--4253
[]|\OT1/cmr/m/n/10.95 Every time
 []


Underfull \hbox (badness 10000) in paragraph at lines 4254--4255
[]|\OT1/cmr/m/n/10.95 Every time
 []


Overfull \hbox (3.91373pt too wide) in paragraph at lines 4256--4256
[]|[][]\OT1/cmtt/m/n/10.95 surfaceForcingU[]\OT1/cmr/m/n/10.95 ,
 []


Overfull \hbox (0.87206pt too wide) in paragraph at lines 4256--4256
[][]\OT1/cmtt/m/n/10.95 surfaceForcingV| 
 []


Underfull \hbox (badness 10000) in paragraph at lines 4256--4257
[]|\OT1/cmr/m/n/10.95 Every time
 []


Underfull \hbox (badness 10000) in paragraph at lines 4258--4258
[]|\OT1/cmr/m/n/10.95 Background ver-ti-cal vis-cos-
 []


Underfull \hbox (badness 10000) in paragraph at lines 4258--4258
\OT1/cmr/m/n/10.95 ity (depth-dependent ar-ray).
 []


Underfull \hbox (badness 10000) in paragraph at lines 4258--4259
[]|\OT1/cmr/m/n/10.95 Initialization
 []


Underfull \hbox (badness 1655) in paragraph at lines 4260--4260
[]|\OT1/cmr/m/n/10.95 Background ver-ti-cal dif-fu-siv-ity
 []


Underfull \hbox (badness 10000) in paragraph at lines 4260--4261
[]|\OT1/cmr/m/n/10.95 Initialization
 []


Underfull \hbox (badness 10000) in paragraph at lines 4262--4263
[]|\OT1/cmr/m/n/10.95 Initialization
 []


Underfull \hbox (badness 10000) in paragraph at lines 4264--4264
[]|[][]\OT1/cmtt/m/n/10.95 maskC[]\OT1/cmr/m/n/10.95 , [][]\OT1/cmtt/m/n/10.95 maskU[]\OT1/cmr/m/n/10.95 ,
 []


Underfull \hbox (badness 10000) in paragraph at lines 4264--4265
[]|\OT1/cmr/m/n/10.95 Initialization
 []


Underfull \hbox (badness 10000) in paragraph at lines 4266--4267
[]|\OT1/cmr/m/n/10.95 Initialization
 []


Underfull \hbox (badness 10000) in paragraph at lines 4268--4269
[]|\OT1/cmr/m/n/10.95 Every time
 []


Overfull \hbox (27.39522pt too wide) in paragraph at lines 4248--4271
 [][] 
 []


LaTeX Warning: Reference `tab:package_outputs' on page 88 undefined on input line 4289.


Underfull \hbox (badness 10000) in paragraph at lines 4300--4300
[]|[][]\OT1/cmtt/m/n/10.95 GGL90viscArU[]\OT1/cmr/m/n/10.95 ,
 []


Underfull \hbox (badness 10000) in paragraph at lines 4300--4300
[]|\OT1/cmr/m/n/10.95 Momentum
 []


Underfull \hbox (badness 10000) in paragraph at lines 4300--4300
\OT1/cmr/m/n/10.95 solver (via
 []


Underfull \hbox (badness 1845) in paragraph at lines 4300--4300
[]|\OT1/cmr/m/n/10.95 Eddy vis-cos-ity at U-points
 []


Underfull \hbox (badness 10000) in paragraph at lines 4300--4300
\OT1/cmr/m/n/10.95 and V-points, in-clud-ing
 []


Underfull \hbox (badness 7081) in paragraph at lines 4300--4300
\OT1/cmr/m/n/10.95 back-ground floor. Used
 []


Underfull \hbox (badness 8151) in paragraph at lines 4300--4300
\OT1/cmr/m/n/10.95 in ver-ti-cal vis-cos-ity term
 []


Underfull \hbox (badness 10000) in paragraph at lines 4300--4301
[]|\OT1/cmr/m/n/10.95 Every time
 []


Underfull \hbox (badness 7613) in paragraph at lines 4302--4302
[]|\OT1/cmr/m/n/10.95 Tracer solver (via
 []


Underfull \hbox (badness 1107) in paragraph at lines 4302--4302
\OT1/cmr/m/n/10.95 (T, S, pas-sive trac-ers), in-
 []


Underfull \hbox (badness 10000) in paragraph at lines 4302--4302
\OT1/cmr/m/n/10.95 clud-ing back-ground floor.
 []


Underfull \hbox (badness 7291) in paragraph at lines 4302--4302
\OT1/cmr/m/n/10.95 Used in ver-ti-cal dif-fu-sion
 []


Underfull \hbox (badness 10000) in paragraph at lines 4302--4303
[]|\OT1/cmr/m/n/10.95 Every time
 []


Overfull \hbox (21.78906pt too wide) in paragraph at lines 4296--4305
 [][] 
 []




Package fancyhdr Warning: \headheight is too small (12.0pt): 
(fancyhdr)                Make it at least 15.49998pt, for example:
(fancyhdr)                \setlength{\headheight}{15.49998pt}.
(fancyhdr)                You might also make \topmargin smaller:
(fancyhdr)                \addtolength{\topmargin}{-3.49998pt}.

[88]
Overfull \hbox (1.72888pt too wide) in paragraph at lines 4309--4310
[]\OT1/cmr/bx/n/12 Single dif-fu-siv-ity for all trac-ers: \OT1/cmr/m/n/12 GGL90 com-putes one dif-fu-siv-ity field [][]\OT1/cmtt/m/n/12 GGL90diffKr
 []


LaTeX Warning: Reference `sec:model_interface' on page 89 undefined on input line 4311.


Overfull \hbox (31.16249pt too wide) in paragraph at lines 4311--4312
\OT1/cmr/m/n/12 and [][]\OT1/cmtt/m/n/12 GGL90diffKr []\OT1/cmr/m/n/12 al-ready in-clude the back-ground mix-ing co-ef-fi-cients ([][]\OT1/cmtt/m/n/12 viscArNr[]\OT1/cmr/m/n/12 , [][]\OT1/cmtt/m/n/12 diffKrNrS[]\OT1/cmr/m/n/12 ).
 []


LaTeX Warning: Reference `tab:prognostic_state' on page 89 undefined on input line 4321.


Underfull \hbox (badness 10000) in paragraph at lines 4332--4332
[][]\OT1/cmtt/m/n/10.95 pickup_ggl90.*.data
 []


Underfull \hbox (badness 10000) in paragraph at lines 4334--4334
[]|[][]\OT1/cmtt/m/n/10.95 GGL90.h []\OT1/cmr/m/n/10.95 com-mon
 []


Underfull \hbox (badness 10000) in paragraph at lines 4334--4334
\OT1/cmr/m/n/10.95 block (op-tional),
 []


Underfull \hbox (badness 10000) in paragraph at lines 4334--4334
[][]\OT1/cmtt/m/n/10.95 pickup_ggl90.*.data
 []


Underfull \hbox (badness 1838) in paragraph at lines 4334--4334
\OT1/cmr/m/n/10.95 mass. Prog-nos-tic vari-able
 []


LaTeX Warning: Reference `sec:mxl_method2' on page 89 undefined on input line 4341.


LaTeX Warning: Reference `fig:ggl90_dataflow' on page 89 undefined on input line 4353.


/Users/ifenty/Library/CloudStorage/Box-Box/ifenty/Projects/ECCO/1D_Mixing_Experiments/1D_Mixing_Model/GGL90_ML/GGL90_package_description.tex:4382: Package tikz Error: You need to say \usetikzlibrary{calc} for coordinate calculation.

See the tikz package documentation for explanation.
Type  H <return>  for immediate help.
 ...                                              
                                                  
l.4382 \draw[arrow] ($(mom.north) + (1.5cm,0)$)
                                                -- node[right, datalabel] {$...
This error message was generated by an \errmessage
command, so I can't give any explicit help.
Pretend that you're Hercule Poirot: Examine all clues,
and deduce the truth by order and method.


/Users/ifenty/Library/CloudStorage/Box-Box/ifenty/Projects/ECCO/1D_Mixing_Experiments/1D_Mixing_Model/GGL90_ML/GGL90_package_description.tex:4382: Package tikz Error: You need to say \usetikzlibrary{calc} for coordinate calculation.

See the tikz package documentation for explanation.
Type  H <return>  for immediate help.
 ...                                              
                                                  
l.4382 ...om.north) + (1.5cm,0) |- (ggl90.north)$)
                                                   -- (ggl90.north);
(That was another \errmessage.)


/Users/ifenty/Library/CloudStorage/Box-Box/ifenty/Projects/ECCO/1D_Mixing_Experiments/1D_Mixing_Model/GGL90_ML/GGL90_package_description.tex:4392: Package tikz Error: You need to say \usetikzlibrary{calc} for coordinate calculation.

See the tikz package documentation for explanation.
Type  H <return>  for immediate help.
 ...                                              
                                                  
l.4392 ...me step} |- ($(ggl90.west) - (0,0.5cm)$)
                                                  ;
(That was another \errmessage.)


Overfull \hbox (39.03893pt too wide) in paragraph at lines 4403--4404
 [][] 
 []


LaTeX Warning: Reference `fig:ggl90_dataflow' on page 89 undefined on input line 4408.




Package fancyhdr Warning: \headheight is too small (12.0pt): 
(fancyhdr)                Make it at least 15.49998pt, for example:
(fancyhdr)                \setlength{\headheight}{15.49998pt}.
(fancyhdr)                You might also make \topmargin smaller:
(fancyhdr)                \addtolength{\topmargin}{-3.49998pt}.

[89]

LaTeX Warning: Reference `sec:mxl_gaspar' on page 90 undefined on input line 4423.


LaTeX Warning: Reference `sec:mxl_method2' on page 90 undefined on input line 4423.


LaTeX Warning: Reference `sec:tke_evolution' on page 90 undefined on input line 4424.


LaTeX Warning: Reference `sec:eddy_coeffs' on page 90 undefined on input line 4425.




Package fancyhdr Warning: \headheight is too small (12.0pt): 
(fancyhdr)                Make it at least 15.49998pt, for example:
(fancyhdr)                \setlength{\headheight}{15.49998pt}.
(fancyhdr)                You might also make \topmargin smaller:
(fancyhdr)                \addtolength{\topmargin}{-3.49998pt}.

[90]


Package fancyhdr Warning: \headheight is too small (12.0pt): 
(fancyhdr)                Make it at least 15.49998pt, for example:
(fancyhdr)                \setlength{\headheight}{15.49998pt}.
(fancyhdr)                You might also make \topmargin smaller:
(fancyhdr)                \addtolength{\topmargin}{-3.49998pt}.

[91]


Package fancyhdr Warning: \headheight is too small (12.0pt): 
(fancyhdr)                Make it at least 15.49998pt, for example:
(fancyhdr)                \setlength{\headheight}{15.49998pt}.
(fancyhdr)                You might also make \topmargin smaller:
(fancyhdr)                \addtolength{\topmargin}{-3.49998pt}.

[92]


Package fancyhdr Warning: \headheight is too small (12.0pt): 
(fancyhdr)                Make it at least 15.49998pt, for example:
(fancyhdr)                \setlength{\headheight}{15.49998pt}.
(fancyhdr)                You might also make \topmargin smaller:
(fancyhdr)                \addtolength{\topmargin}{-3.49998pt}.

[93]

Package longtable Warning: Table widths have changed. Rerun LaTeX.

(./GGL90_package_description.aux)
 ***********
LaTeX2e <2024-11-01> patch level 2
L3 programming layer <2025-01-18>
 ***********


LaTeX Warning: There were undefined references.


LaTeX Warning: Label(s) may have changed. Rerun to get cross-references right.


Package rerunfilecheck Warning: File `GGL90_package_description.out' has changed.
(rerunfilecheck)                Rerun to get outlines right
(rerunfilecheck)                or use package `bookmark'.

Package rerunfilecheck Info: Checksums for `GGL90_package_description.out':
(rerunfilecheck)             Before: <no file>
(rerunfilecheck)             After:  952FCC1E0914689199BC745770943A5F;38594.
 ) 
Here is how much of TeX's memory you used:
 29158 strings out of 473190
 528907 string characters out of 5715801
 1309484 words of memory out of 5000000
 50803 multiletter control sequences out of 15000+600000
 574547 words of font info for 96 fonts, out of 8000000 for 9000
 1141 hyphenation exceptions out of 8191
 84i,15n,93p,672b,2151s stack positions out of 10000i,1000n,20000p,200000b,200000s
</usr/local/texlive/2025/texmf-dist/fonts/type1/public/amsfonts/cm/cmbx10.pfb></usr/local/texlive/2025/texmf-dist/fonts/type1/public/amsfonts/cm/cmbx12.pfb></usr/local/texlive/2025/texmf-dist/fonts/type1/public/amsfonts/cm/cmbx8.pfb></usr/local/texlive/2025/texmf-dist/fonts/type1/public/amsfonts/cm/cmex10.pfb></usr/local/texlive/2025/texmf-dist/fonts/type1/public/amsfonts/cm/cmitt10.pfb></usr/local/texlive/2025/texmf-dist/fonts/type1/public/amsfonts/cm/cmmi10.pfb></usr/local/texlive/2025/texmf-dist/fonts/type1/public/amsfonts/cm/cmmi12.pfb></usr/local/texlive/2025/texmf-dist/fonts/type1/public/amsfonts/cm/cmmi5.pfb></usr/local/texlive/2025/texmf-dist/fonts/type1/public/amsfonts/cm/cmmi6.pfb></usr/local/texlive/2025/texmf-dist/fonts/type1/public/amsfonts/cm/cmmi8.pfb></usr/local/texlive/2025/texmf-dist/fonts/type1/public/amsfonts/cm/cmr10.pfb></usr/local/texlive/2025/texmf-dist/fonts/type1/public/amsfonts/cm/cmr12.pfb></usr/local/texlive/2025/texmf-dist/fonts/type1/public/amsfonts/cm/cmr17.pfb></usr/local/texlive/2025/texmf-dist/fonts/type1/public/amsfonts/cm/cmr5.pfb></usr/local/texlive/2025/texmf-dist/fonts/type1/public/amsfonts/cm/cmr6.pfb></usr/local/texlive/2025/texmf-dist/fonts/type1/public/amsfonts/cm/cmr8.pfb></usr/local/texlive/2025/texmf-dist/fonts/type1/public/amsfonts/cm/cmsy10.pfb></usr/local/texlive/2025/texmf-dist/fonts/type1/public/amsfonts/cm/cmsy8.pfb></usr/local/texlive/2025/texmf-dist/fonts/type1/public/amsfonts/cm/cmti10.pfb></usr/local/texlive/2025/texmf-dist/fonts/type1/public/amsfonts/cm/cmti12.pfb></usr/local/texlive/2025/texmf-dist/fonts/type1/public/amsfonts/cm/cmtt10.pfb></usr/local/texlive/2025/texmf-dist/fonts/type1/public/amsfonts/cm/cmtt12.pfb></usr/local/texlive/2025/texmf-dist/fonts/type1/public/cm-super/sfrm1095.pfb></usr/local/texlive/2025/texmf-dist/fonts/type1/public/cm-super/sfrm1200.pfb></usr/local/texlive/2025/texmf-dist/fonts/type1/public/cm-super/sfti1200.pfb>
Output written on GGL90_package_description.pdf (95 pages, 667602 bytes).
PDF statistics:
 1853 PDF objects out of 2073 (max. 8388607)
 1689 compressed objects within 17 object streams
 1163 named destinations out of 1200 (max. 500000)
 13 words of extra memory for PDF output out of 10000 (max. 10000000)

